# Created by FreeCAD <https://www.freecad.org>
v 6.830460 0.589200 5.621200
v 6.769224 0.325200 5.766445
v 7.108776 0.318500 5.988165
v 7.179624 0.577600 5.859250
v 7.085772 0.008500 6.031175
v 6.749352 0.008100 5.814745
v 7.434504 0.316600 6.236220
v 7.514424 0.574300 6.123060
v 7.408584 0.008800 6.273940
v 7.110612 -0.301500 5.988165
v 7.182972 -0.560500 5.859250
v 6.771060 -0.308900 5.766445
v 6.833808 -0.573000 5.621200
v 7.517772 -0.556600 6.123060
v 7.436340 -0.299000 6.236220
v 7.831188 -0.559500 6.411250
v 7.741332 -0.300300 6.509000
v 8.116093 -0.567500 6.722095
v 8.018460 -0.304500 6.804895
v 7.710768 0.009100 6.541545
v 7.985304 0.009400 6.832495
v 7.739496 0.318500 6.509000
v 7.827840 0.577700 6.411250
v 8.016624 0.323300 6.804895
v 8.112743 0.586300 6.722095
v 7.302852 -0.717600 5.644315
v 5.890320 -0.874900 4.769855
v 5.592672 -0.782800 5.003305
v 5.637168 -0.986000 4.650255
v 5.834160 -0.694600 5.095535
v 5.957388 -0.924800 4.378970
v 5.690304 -1.042700 4.226595
v 6.207516 -0.801100 4.935455
v 6.136776 -0.634100 5.233305
v 6.292080 -0.849400 4.578150
v 6.024024 -0.850500 3.988085
v 5.786748 -0.743000 3.450000
v 6.079320 -0.658100 3.662405
v 5.743116 -0.959500 3.803050
v 6.446196 -0.607800 3.922880
v 6.376320 -0.783500 4.220730
v 6.858972 -0.582300 4.223605
v 7.289136 -0.571900 4.556530
v 7.186212 -0.730400 4.798490
v 6.772680 -0.747200 4.493395
v 6.668892 -0.805900 4.817120
v 7.062120 -0.783600 5.088865
v 6.564672 -0.756100 5.140845
v 6.937812 -0.731100 5.379240
v 6.477516 -0.595600 5.410520
v 6.111936 -0.353600 3.466905
v 5.812452 -0.399900 3.238285
v 6.122088 0.006900 3.401815
v 5.820336 0.006500 3.167675
v 6.487560 -0.326600 3.744170
v 6.500736 0.007400 3.684600
v 6.110100 0.367500 3.466905
v 5.783292 0.756000 3.450000
v 6.075864 0.671900 3.662405
v 5.810616 0.413000 3.238285
v 6.442740 0.622500 3.922880
v 6.485724 0.341300 3.744170
v 6.855516 0.597900 4.223605
v 6.908328 0.328900 4.061685
v 7.285788 0.588300 4.556530
v 7.348644 0.324600 4.411285
v 6.926580 0.007800 4.007750
v 7.370244 0.008200 4.362870
v 7.350480 -0.308100 4.411285
v 6.910164 -0.313200 4.061685
v 7.446384 -0.771800 5.386485
v 7.652664 -0.713900 5.934575
v 7.814232 -0.769100 5.708255
v 7.708500 -0.566800 4.913605
v 7.589484 -0.721800 5.128540
v 8.109288 -0.566600 5.293450
v 7.975368 -0.720600 5.482050
v 8.484480 -0.571000 5.694455
v 8.336412 -0.725800 5.857295
v 8.826407 -0.579600 6.114895
v 8.665487 -0.736600 6.252895
v 8.158428 -0.774100 6.052795
v 8.471844 -0.785500 6.418495
v 8.277985 -0.728500 6.584095
v 7.980120 -0.718100 6.248295
v 7.779348 -0.305600 4.784690
v 7.802244 0.008600 4.741680
v 8.189208 -0.305600 5.180405
v 8.215128 0.008900 5.142685
v 7.705044 0.584000 4.913605
v 7.777512 0.322800 4.784690
v 8.105940 0.584500 5.293450
v 8.187372 0.323500 5.180405
v 8.481024 0.589400 5.694455
v 8.920584 0.331500 6.032210
v 8.570880 0.326400 5.596705
v 8.822952 0.598500 6.114895
v 8.601552 0.009200 5.564160
v 8.953848 0.009500 6.004610
v 8.922527 -0.312600 6.032210
v 8.572716 -0.308000 5.596705
v 8.332092 0.744100 5.857295
v 8.661059 0.755500 6.252895
v 7.971048 0.738400 5.482050
v 8.153784 0.792500 6.052795
v 8.467200 0.804400 6.418495
v 7.809588 0.786800 5.708255
v 7.181892 0.746800 4.798490
v 7.585164 0.739000 5.128540
v 7.057476 0.799900 5.088865
v 7.441740 0.788900 5.386485
v 7.298532 0.734700 5.644315
v 6.933492 0.747400 5.379240
v 7.648452 0.731600 5.934575
v 8.273664 0.747300 6.584095
v 7.975800 0.736300 6.248295
v 8.955036 -0.752100 6.667240
v 9.127836 -0.591900 6.553505
v 9.197496 -0.770100 7.095615
v 9.380015 -0.606300 7.007295
v 8.747245 -0.801800 6.803745
v 8.978040 -0.820700 7.201645
v 9.385200 -0.788300 7.533650
v 6.909192 0.790400 11.252291
v 6.932628 0.435900 11.404550
v 7.315056 0.419500 11.383735
v 7.286760 0.760200 11.236880
v 7.325100 0.008100 11.432610
v 6.941160 0.007800 11.455265
v 7.734744 0.405200 11.330721
v 7.697916 0.733700 11.187315
v 7.747812 0.008500 11.378560
v 7.316892 -0.403300 11.383735
v 6.934572 -0.420300 11.404550
v 6.912648 -0.774900 11.252291
v 7.290216 -0.744000 11.236880
v 7.701264 -0.716800 11.187315
v 7.736688 -0.388300 11.330721
v 8.116308 -0.694300 11.094740
v 8.162641 -0.375800 11.235040
v 8.505756 -0.677500 10.950070
v 8.563537 -0.366500 11.086000
v 8.177328 0.008800 11.281845
v 8.582220 0.009100 11.131310
v 8.160696 0.393400 11.235040
v 8.112960 0.711800 11.094740
v 8.561700 0.384600 11.086000
v 8.502300 0.695600 10.950070
v 7.244856 -0.943200 10.992275
v 6.875280 -0.982200 10.998715
v 7.189992 -1.004200 10.698565
v 6.830136 -1.045600 10.694310
v 7.641540 -0.908900 10.948345
v 7.569396 -0.967700 10.661650
v 7.134912 -0.930200 10.404970
v 7.088688 -0.724500 10.160250
v 6.784560 -0.968700 10.389906
v 6.746328 -0.754600 10.136215
v 7.436232 -0.698000 10.135870
v 7.496928 -0.896400 10.374840
v 7.771356 -0.676100 10.065720
v 8.075916 -0.659800 9.952906
v 8.174088 -0.847500 10.179455
v 7.850196 -0.868400 10.299629
v 7.944480 -0.937600 10.580230
v 8.291484 -0.915100 10.451429
v 8.408556 -0.859400 10.723406
v 8.038440 -0.880600 10.860829
v 7.060392 -0.390400 10.013511
v 5.640732 -0.512200 9.493594
v 5.853060 -0.475100 9.636425
v 5.674860 -0.946800 9.690820
v 5.884920 -0.879000 9.821345
v 5.841720 0.006600 9.574785
v 5.628744 0.006300 9.427815
v 6.110208 -0.446800 9.777645
v 6.137856 -0.827400 9.950145
v 6.100272 0.007000 9.720145
v 5.851224 0.488400 9.636425
v 5.671512 0.959500 9.690820
v 5.881572 0.892300 9.821345
v 5.638896 0.524900 9.493594
v 6.134616 0.841300 9.950145
v 6.108372 0.460700 9.777645
v 6.423948 0.802100 10.060659
v 6.401376 0.439500 9.899430
v 6.742980 0.770000 10.136215
v 6.721056 0.422200 9.983954
v 6.394464 0.007300 9.845724
v 6.714468 0.007700 9.933240
v 6.403104 -0.424900 9.899430
v 6.427188 -0.787400 10.060659
v 6.722892 -0.406900 9.983954
v 6.462288 1.025200 10.329301
v 6.780348 0.984100 10.389906
v 6.179004 1.075500 10.237645
v 6.508728 1.105600 10.651645
v 6.825492 1.061100 10.694310
v 6.232680 1.159700 10.582760
v 5.726700 1.226200 10.019489
v 5.932980 1.140600 10.129545
v 5.793228 1.321200 10.413940
v 5.994972 1.229600 10.499500
v 5.860188 1.240900 10.808390
v 6.109668 0.914700 11.177655
v 6.057396 1.155500 10.869340
v 5.916240 0.981600 11.137175
v 6.286680 1.090200 10.927760
v 6.332040 0.863400 11.215261
v 6.555492 1.039400 10.973989
v 6.870960 0.997700 10.998715
v 6.594804 0.823400 11.242630
v 7.050348 0.008000 9.964520
v 7.399404 -0.375800 9.992465
v 7.386444 0.008300 9.944625
v 7.085340 0.740600 10.160250
v 7.058664 0.406400 10.013511
v 7.432992 0.714800 10.135870
v 7.397568 0.392500 9.992465
v 7.768008 0.693500 10.065720
v 7.721676 0.381100 9.925420
v 8.072568 0.677700 9.952906
v 8.014788 0.372600 9.816860
v 7.706988 0.008700 9.878615
v 7.996104 0.009000 9.771550
v 8.016624 -0.354700 9.816860
v 7.723512 -0.363800 9.925420
v 7.845984 0.885800 10.299629
v 8.169768 0.865500 10.179455
v 7.492716 0.913100 10.374840
v 7.939836 0.955000 10.580230
v 8.286839 0.933100 10.451429
v 7.564752 0.984500 10.661650
v 7.130700 0.946300 10.404970
v 7.185456 1.020300 10.698565
v 7.240536 0.959400 10.992275
v 7.637220 0.925800 10.948345
v 8.404236 0.877400 10.723406
v 8.034121 0.898000 10.860829
v 8.906436 0.379500 10.872906
v 8.836452 0.686000 10.744220
v 8.930520 0.009300 10.915799
v 9.196957 0.376800 10.598399
v 9.117252 0.681000 10.480180
v 9.224280 0.009600 10.637731
v 8.839908 -0.667300 10.744220
v 8.908380 -0.360800 10.872906
v 9.120708 -0.661900 10.480180
v 9.198900 -0.357700 10.598399
v 9.349992 -0.659200 10.160940
v 9.437040 -0.356200 10.264670
v 9.529596 -0.657400 9.789374
v 9.624851 -0.355100 9.874245
v 9.465445 0.009800 10.299170
v 9.655849 0.009900 9.902534
v 9.435205 0.375700 10.264670
v 9.346536 0.678700 10.160940
v 9.623016 0.375000 9.874245
v 9.526248 0.677300 9.789374
v 9.203976 -0.836400 9.988210
v 9.370188 -0.834200 9.647924
v 8.989488 -0.839700 10.283415
v 9.028476 -0.890700 9.780866
v 9.178380 -0.888300 9.478070
v 8.831808 -0.894200 10.047090
v 8.724996 -0.846600 10.529631
v 8.586648 -0.901500 10.272144
v 8.448084 -0.834900 10.014660
v 8.332200 -0.649800 9.800185
v 8.673697 -0.828200 9.810881
v 8.541612 -0.644500 9.613999
v 8.852544 -0.824900 9.573520
v 8.825868 -0.640200 9.166880
v 8.986247 -0.822700 9.308331
v 8.705664 -0.641900 9.400789
v 8.262216 -0.349200 9.671385
v 8.238240 0.009200 9.628489
v 8.461908 -0.346200 9.495895
v 8.434691 0.009400 9.456565
v 8.328853 0.668300 9.800185
v 8.260380 0.367700 9.671385
v 8.538264 0.663400 9.613999
v 8.460072 0.365100 9.495895
v 8.702316 0.661200 9.400789
v 8.729100 -0.343700 9.082010
v 8.799408 -0.342100 8.857300
v 8.903521 -0.637400 8.918595
v 8.764091 0.010000 8.836830
v 8.696160 0.009800 9.053720
v 8.826193 -0.339700 8.618560
v 8.936352 -0.633000 8.653750
v 8.788824 0.010100 8.606830
v 8.797572 0.362000 8.857300
v 8.727264 0.363300 9.082010
v 8.822412 0.659800 9.166880
v 8.900172 0.657300 8.918595
v 8.933004 0.653200 8.653750
v 8.824356 0.359800 8.618560
v 8.918424 0.646900 8.370045
v 8.805564 0.356500 8.361190
v 8.853840 0.637900 8.065065
v 8.739360 0.351600 8.080705
v 8.768627 0.010100 8.358315
v 8.701883 0.010100 8.085880
v 8.807400 -0.336200 8.361190
v 8.921771 -0.626600 8.370045
v 8.741197 -0.331300 8.080705
v 8.857188 -0.617700 8.065065
v 9.072000 0.839100 9.020830
v 8.981928 0.842400 9.308331
v 9.278604 0.904500 9.143420
v 9.173736 0.908100 9.478070
v 9.114876 0.833800 8.712400
v 9.333576 0.898800 8.782895
v 9.485424 0.850700 9.266125
v 9.658116 0.674700 9.368245
v 9.365760 0.854000 9.647924
v 9.735444 0.670400 8.911924
v 9.552600 0.845200 8.853275
v 9.751212 0.663700 8.434675
v 9.698724 0.654200 7.950525
v 9.506160 0.824900 7.976630
v 9.561456 0.836900 8.419955
v 9.334225 0.889900 8.402360
v 9.275580 0.877300 8.007795
v 9.045324 0.814100 8.039075
v 9.107208 0.825700 8.384765
v 8.615268 0.364000 9.297060
v 8.586864 0.009600 9.262561
v 8.616996 -0.344700 9.297060
v 8.443764 0.853400 10.014660
v 8.582112 0.920000 10.272144
v 8.669375 0.847100 9.810881
v 8.827164 0.913200 10.047090
v 8.720676 0.865200 10.529631
v 8.985168 0.858800 10.283415
v 9.199656 0.855900 9.988210
v 9.023832 0.910100 9.780866
v 8.848224 0.844200 9.573520
v 9.762228 0.373600 9.429541
v 9.797652 0.010100 9.450009
v 9.845604 0.371300 8.947115
v 9.883080 0.010200 8.958960
v 9.661572 -0.654500 9.368245
v 9.764173 -0.353500 9.429541
v 9.738900 -0.650000 8.911924
v 9.847548 -0.351000 8.947115
v 9.754667 -0.643300 8.434675
v 9.867420 -0.347200 8.443416
v 9.702180 -0.633700 7.950525
v 9.816552 -0.342000 7.934885
v 9.904356 0.010200 8.446404
v 9.854028 0.010200 7.929710
v 9.814716 0.362400 7.934885
v 9.865584 0.367700 8.443416
v 9.565884 -0.816500 8.419955
v 9.510588 -0.804500 7.976630
v 9.556920 -0.824900 8.853275
v 9.338868 -0.869500 8.402360
v 9.280224 -0.856900 8.007795
v 9.338220 -0.878500 8.782895
v 9.489744 -0.830600 9.266125
v 9.283140 -0.884500 9.143420
v 9.076321 -0.819100 9.020830
v 9.119196 -0.813600 8.712400
v 9.049644 -0.793800 8.039075
v 9.111527 -0.805300 8.384765
v 9.574416 -0.620800 7.473850
v 9.157860 -0.839900 7.605295
v 8.930196 -0.778100 7.676940
v 8.740116 -0.605600 7.736740
v 8.758260 -0.760700 7.307675
v 8.574768 -0.592200 7.395995
v 8.365355 -0.578900 7.053985
v 8.539128 -0.743400 6.940250
v 8.260596 -0.310600 7.122295
v 8.464176 -0.317700 7.448895
v 8.225064 0.009600 7.145065
v 8.426592 0.009900 7.466605
v 8.625528 -0.324900 7.772505
v 8.586756 0.010000 7.784465
v 8.623692 0.344900 7.772505
v 8.736768 0.625700 7.736740
v 8.462339 0.337400 7.448895
v 8.571420 0.611900 7.395995
v 8.362008 0.598200 7.053985
v 8.258759 0.329900 7.122295
v 8.950607 0.771500 6.667240
v 9.124380 0.611400 6.553505
v 8.742600 0.821200 6.803745
v 9.193176 0.789900 7.095615
v 9.376560 0.626100 7.007295
v 8.973395 0.840500 7.201645
v 8.534808 0.762700 6.940250
v 8.753941 0.780400 7.307675
v 8.925876 0.798300 7.676940
v 9.153215 0.860000 7.605295
v 9.570960 0.641000 7.473850
v 9.380879 0.808500 7.533650
v 9.229139 0.338700 6.485195
v 9.487152 0.346900 6.954280
v 9.264780 0.009700 6.462425
v 9.524735 0.009900 6.936685
v 9.685440 0.355200 7.438085
v 9.724319 0.010100 7.426125
v 9.687384 -0.334900 7.438085
v 9.489096 -0.327000 6.954280
v 9.231085 -0.319200 6.485195
v 6.141528 0.503400 11.362575
v 5.556276 1.134000 3.673100
v 5.593536 0.884700 3.293945
v 5.738796 0.972500 3.803050
v 5.411664 1.372800 3.565575
v 5.457456 1.084800 3.146515
v 5.511888 1.226100 4.128155
v 5.685660 1.055700 4.226710
v 5.365872 1.469000 4.072035
v 5.244588 1.713000 3.447700
v 5.437476 1.011900 0.401235
v 5.328612 0.991700 0.160540
v 5.125356 1.978200 0.401235
v 5.022756 1.938700 0.160540
v 5.431320 0.005600 0.160540
v 5.542344 0.005800 0.401235
v 5.103324 0.930800 0.040135
v 4.802868 1.854100 0.040135
v 5.210568 -0.023100 0.040135
v 5.330988 -0.980700 0.160540
v 4.612896 -2.855100 0.401235
v 4.520448 -2.798100 0.160540
v 5.130108 -1.967500 0.401235
v 5.027400 -1.928200 0.160540
v 3.840048 -3.562600 0.160540
v 3.918672 -3.635200 0.401235
v 4.361796 -2.676300 0.040135
v 4.844232 -1.858200 0.040135
v 3.705588 -3.398100 0.040135
v 3.015900 -4.194300 0.160540
v -0.477576 1.028200 0.000000
v 0.619812 1.426100 0.000000
v -0.016092 0.000000 0.000000
v 1.094364 0.427200 0.000000
v 0.142560 2.365100 0.000000
v -0.916056 2.005200 0.000000
v 1.673568 1.779800 0.000000
v 2.149524 0.833200 0.000000
v 1.167696 2.654700 0.000000
v -0.295272 3.201700 0.000000
v -1.632204 3.601200 0.000000
v -0.651888 3.893300 0.000000
v -1.308528 2.880000 0.000000
v 0.310068 4.048200 0.000000
v 0.689364 3.419500 0.000000
v 1.170180 4.073700 0.000000
v 1.772820 4.011700 0.000000
v 2.247156 3.661900 0.000000
v 1.564812 3.545200 0.000000
v 2.089476 2.884200 0.000000
v 2.837268 3.082000 0.000000
v 2.621376 2.086600 0.000000
v 3.401028 2.343800 0.000000
v 3.873204 1.496400 0.000000
v 3.094200 1.196700 0.000000
v -1.556280 0.588800 0.000000
v -1.126548 -0.427200 0.000000
v -2.570508 0.147000 0.000000
v -2.181816 -0.833200 0.000000
v -1.938384 1.564500 0.000000
v -2.883168 1.096100 0.000000
v -3.474036 -0.258500 0.000000
v -4.220964 -0.588600 0.000000
v -3.126492 -1.196700 0.000000
v -3.905496 -1.496400 0.000000
v -4.388148 0.302100 0.000000
v -3.709152 0.653200 0.000000
v -4.415688 1.098500 0.000000
v -3.971052 2.095600 0.000000
v -3.845016 1.463800 0.000000
v -4.348728 1.656400 0.000000
v -3.131136 1.949600 0.000000
v -3.344652 2.642000 0.000000
v -2.547504 3.164000 0.000000
v -2.269728 2.442100 0.000000
v -0.652104 -1.426100 0.000000
v 0.445284 -1.028200 0.000000
v -0.174852 -2.365100 0.000000
v 0.883764 -2.005200 0.000000
v -1.705752 -1.779800 0.000000
v -1.199988 -2.654700 0.000000
v 0.263088 -3.201700 0.000000
v 2.120256 -4.760600 0.401235
v 1.076760 -5.049600 0.401235
v 1.054944 -4.948800 0.160540
v 2.077596 -4.665600 0.160540
v -0.010044 -5.044000 0.160540
v -0.009936 -5.146700 0.401235
v 0.989064 -4.740200 0.040135
v 1.986228 -4.462000 0.040135
v -0.041040 -4.839600 0.040135
v -1.075248 -4.951000 0.160540
v -2.141100 -4.765100 0.401235
v -3.099600 -4.286200 0.401235
v -3.038040 -4.200600 0.160540
v -2.098656 -4.669900 0.160540
v -3.863808 -3.570600 0.160540
v -3.942216 -3.643400 0.401235
v -2.906604 -4.053600 0.040135
v -2.023056 -4.500400 0.040135
v -3.686148 -3.446000 0.040135
v -4.546044 -2.807500 0.160540
v -4.638384 -2.864700 0.401235
v -5.157648 -1.978200 0.401235
v -5.054940 -1.938700 0.160540
v -4.835160 -1.854100 0.040135
v -4.340412 -2.702600 0.040135
v -4.463532 -1.711100 0.000000
v -3.433320 -2.343800 0.000000
v -3.982500 -2.548600 0.000000
v -3.372840 -3.276200 0.000000
v -2.869560 -3.082000 0.000000
v -2.684772 -3.852800 0.000000
v -2.279448 -3.661900 0.000000
v -1.805112 -4.011700 0.000000
v -1.915164 -4.258500 0.000000
v -1.096848 -5.051900 0.401235
v -1.056456 -4.761000 0.040135
v -1.060560 -4.473700 0.000000
v -1.202472 -4.073700 0.000000
v -0.133704 -4.514600 0.000000
v -0.342360 -4.048200 0.000000
v 0.852768 -4.397300 0.000000
v 0.619596 -3.893300 0.000000
v 1.600020 -3.601200 0.000000
v 1.831788 -4.117900 0.000000
v 1.276344 -2.880000 0.000000
v -0.721656 -3.419500 0.000000
v -1.597104 -3.545200 0.000000
v -2.121660 -2.884200 0.000000
v -2.653560 -2.086600 0.000000
v -4.656420 -2.875800 0.802470
v -5.177736 -1.985900 0.802470
v -3.957552 -3.657600 0.802470
v -4.622076 -2.854600 1.329285
v -5.139612 -1.971200 1.329285
v -3.928392 -3.630500 1.329285
v -2.149416 -4.783600 0.802470
v -3.111696 -4.302900 0.802470
v -2.133540 -4.748300 1.329285
v -3.088800 -4.271100 1.329285
v -2.103840 -4.681600 1.947065
v -3.045600 -4.211100 1.947065
v -2.070252 -4.606200 2.620735
v -2.996784 -4.143300 2.620735
v -3.873420 -3.579600 1.947065
v -3.811320 -3.521900 2.620735
v -4.557384 -2.814500 1.947065
v -4.484160 -2.769100 2.620735
v -4.986252 -1.912200 2.620735
v -5.067576 -1.943500 1.947065
v 3.077676 -4.279800 0.401235
v 2.902716 -4.004000 0.040135
v 2.736396 -3.672600 0.000000
v 2.515212 -3.164000 0.000000
v 3.522204 -3.108000 0.000000
v 3.312468 -2.642000 0.000000
v 4.144824 -2.471000 0.000000
v 4.316436 -1.656400 0.000000
v 4.583088 -1.758400 0.000000
v 3.938760 -2.095600 0.000000
v 1.524096 -0.588800 0.000000
v 2.538216 -0.147000 0.000000
v 1.906092 -1.564500 0.000000
v 2.850876 -1.096100 0.000000
v 4.188672 0.588600 0.000000
v 3.441744 0.258500 0.000000
v 4.355964 -0.302100 0.000000
v 3.676968 -0.653200 0.000000
v 3.812724 -1.463800 0.000000
v 4.383504 -1.098500 0.000000
v 3.098844 -1.949600 0.000000
v 2.237436 -2.442100 0.000000
v 3.089772 -4.296500 0.802470
v 2.128572 -4.779200 0.802470
v 3.934008 -3.649400 0.802470
v 3.066768 -4.264700 1.329285
v 2.112696 -4.743900 1.329285
v 3.907116 -3.622100 1.329515
v 5.150196 -1.975200 0.802470
v 4.631040 -2.866200 0.802470
v 5.126112 -1.958700 1.325260
v 4.605660 -2.843800 1.329860
v 5.096520 -1.925500 1.930850
v 5.118768 -1.870600 2.634995
v 4.513644 -2.775900 2.624760
v 4.567752 -2.800000 1.949365
v 3.858732 -3.570300 1.947640
v 3.801276 -3.518000 2.621770
v 3.023460 -4.204800 1.947065
v 2.082888 -4.677200 1.947065
v 2.974536 -4.137100 2.620735
v 2.049084 -4.601900 2.620735
v 5.439852 -1.000600 0.401235
v 5.125680 -0.963300 0.040135
v 4.815504 -0.967100 0.000000
v 4.859676 -0.108800 0.000000
v 4.431240 1.711100 0.000000
v 4.732992 0.804600 0.000000
v -4.424436 -2.732100 3.315565
v -4.919724 -1.886600 3.315565
v -3.760560 -3.474800 3.315565
v -4.376916 -2.702600 4.034200
v -4.866804 -1.866300 4.034200
v -3.720060 -3.437300 4.034200
v -2.042712 -4.544600 3.315565
v -2.956932 -4.087900 3.315565
v -2.020896 -4.495500 4.034200
v -2.925180 -4.043800 4.034200
v -2.003940 -4.457600 4.779285
v -2.900664 -4.009600 4.779285
v -1.991412 -4.429400 5.553235
v -2.882412 -3.984300 5.553235
v -3.688848 -3.408300 4.779285
v -3.665628 -3.386800 5.553235
v -4.340088 -2.679800 4.779285
v -4.312764 -2.662900 5.553235
v -4.795524 -1.838800 5.553235
v -4.825872 -1.850500 4.779285
v 2.934576 -4.081800 3.315565
v 2.021436 -4.540400 3.315565
v 3.746736 -3.489400 3.316715
v 2.902716 -4.037700 4.034200
v 1.999404 -4.491400 4.034200
v 3.702240 -3.464600 4.034660
v 4.957956 -2.175100 3.354320
v 4.439124 -2.812400 3.320165
v 4.883652 -2.243300 4.039490
v 4.375512 -2.833600 4.035925
v 4.866588 -2.145600 4.739495
v 4.925556 -1.812500 5.512640
v 4.341168 -2.674900 5.540355
v 4.354128 -2.763500 4.772500
v 3.674700 -3.423800 4.777560
v 3.655044 -3.384400 5.550015
v 2.878092 -4.003700 4.779285
v 1.982448 -4.453500 4.779285
v 2.859732 -3.978400 5.553235
v 1.969812 -4.425300 5.553235
v -5.374188 -0.994200 1.947065
v -5.287896 -0.978200 2.620735
v -5.477220 -0.005600 1.947065
v -5.389308 -0.005500 2.620735
v -5.450544 -1.008400 1.329285
v -5.555088 -0.005700 1.329285
v -5.376564 0.983100 1.947065
v -2.152548 4.760600 0.401235
v -3.109968 4.279800 0.401235
v -3.121956 4.296500 0.802470
v -2.160864 4.779200 0.802470
v -3.966300 3.649400 0.802470
v -3.950964 3.635200 0.401235
v -3.099060 4.264700 1.329285
v -2.144988 4.743900 1.329285
v -3.937032 3.622400 1.329285
v -4.663224 2.866200 0.802470
v -5.182488 1.975200 0.802470
v -4.645188 2.855100 0.401235
v -5.162400 1.967500 0.401235
v -5.144256 1.960600 1.329285
v -4.628880 2.845000 1.329285
v -5.072220 1.933100 1.947065
v -4.990788 1.901900 2.620735
v -4.490856 2.759900 2.620735
v -4.564080 2.805100 1.947065
v -3.882060 3.571600 1.947065
v -3.819744 3.514000 2.620735
v -3.055752 4.204800 1.947065
v -2.115072 4.677200 1.947065
v -3.006720 4.137100 2.620735
v -2.081268 4.601900 2.620735
v -2.966760 4.081800 3.315565
v -2.053620 4.540400 3.315565
v -3.768876 3.467000 3.315565
v -2.934900 4.037700 4.034200
v -2.031696 4.491400 4.034200
v -3.728376 3.429600 4.034200
v -4.924260 1.876500 3.315565
v -4.431024 2.723000 3.315565
v -4.871232 1.856300 4.034200
v -4.383396 2.693600 4.034200
v -4.830300 1.840600 4.779285
v -4.799952 1.829000 5.553235
v -4.319136 2.654000 5.553235
v -4.346460 2.670900 4.779285
v -3.697056 3.400700 4.779285
v -3.673836 3.379200 5.553235
v -2.910276 4.003700 4.779285
v -2.014632 4.453500 4.779285
v -2.892024 3.978400 5.553235
v -2.002104 4.425300 5.553235
v -1.089828 4.961200 1.947065
v -1.072548 4.881300 2.620735
v -0.022248 5.056600 1.947065
v -0.022140 4.975100 2.620735
v -1.105164 5.031900 1.329285
v -0.022248 5.128600 1.329285
v 1.045656 4.963400 1.947065
v 4.624128 2.875800 0.802470
v 4.606092 2.864700 0.401235
v 5.145444 1.985900 0.802470
v 3.925260 3.657600 0.802470
v 3.909924 3.643400 0.401235
v 4.598748 2.853300 1.329860
v 5.121360 1.969300 1.325260
v 3.898368 3.630200 1.329515
v 3.079404 4.302900 0.802470
v 3.067416 4.286200 0.401235
v 2.108808 4.765100 0.401235
v 2.117124 4.783600 0.802470
v 2.101356 4.748300 1.329285
v 3.056508 4.271100 1.329285
v 2.071548 4.681600 1.947065
v 3.013308 4.211100 1.947065
v 2.037960 4.606200 2.620735
v 2.964492 4.143300 2.620735
v 3.850092 3.578300 1.947640
v 3.792744 3.525900 2.621770
v 4.560948 2.809500 1.949365
v 4.506732 2.785300 2.624760
v 5.114016 1.881300 2.634995
v 5.091768 1.936100 1.930850
v 4.432212 2.821700 3.320165
v 4.952340 2.185600 3.354320
v 3.738204 3.497200 3.316715
v 4.368492 2.842700 4.035925
v 4.877820 2.253600 4.039490
v 3.693816 3.472300 4.034660
v 2.010420 4.544600 3.315565
v 2.924640 4.087900 3.315565
v 1.988604 4.495500 4.034200
v 2.892888 4.043800 4.034200
v 1.971648 4.457600 4.779285
v 2.868372 4.009600 4.779285
v 1.959120 4.429400 5.553235
v 2.850120 3.984300 5.553235
v 3.666492 3.431500 4.777560
v 3.646944 3.392000 5.550015
v 4.347324 2.772600 4.772500
v 4.334580 2.683900 5.540355
v 4.920912 1.822800 5.512640
v 4.861080 2.155900 4.739495
v 1.028484 4.883400 2.620735
v 1.060776 5.034100 1.329285
v 1.068768 5.071600 0.802470
v 1.064556 5.051900 0.401235
v -0.022356 5.166800 0.802470
v -0.022356 5.146700 0.401235
v -1.108944 5.049600 0.401235
v -1.113264 5.069300 0.802470
v -5.290272 0.967300 2.620735
v -5.452920 0.997100 1.329285
v -5.493420 1.004600 0.802470
v -5.472144 1.000600 0.401235
v -5.596344 -0.005800 0.802470
v -5.574636 -0.005800 0.401235
v -5.469768 -1.011900 0.401235
v -5.491044 -1.015900 0.802470
v 1.057644 -4.961200 1.947065
v 1.040364 -4.881300 2.620735
v -0.010044 -5.056600 1.947065
v -0.010152 -4.975100 2.620735
v 1.072872 -5.031900 1.329285
v -0.009936 -5.128600 1.329285
v -1.060776 -4.883400 2.620735
v -1.077948 -4.963400 1.947065
v -1.093068 -5.034100 1.329285
v -1.101060 -5.071600 0.802470
v -0.009936 -5.166800 0.802470
v 1.080972 -5.069300 0.802470
v 5.388444 0.989300 1.870590
v 5.369436 0.922400 2.368885
v 5.478840 0.005700 1.830110
v 5.440392 0.005700 2.297930
v 5.429916 1.007100 1.310195
v 5.531220 0.005700 1.300075
v 5.371812 -0.911100 2.368885
v 5.390928 -0.978100 1.870590
v 5.432400 -0.995900 1.310195
v 5.461236 -1.004600 0.802470
v 5.564052 0.005800 0.802470
v 5.458752 1.015900 0.802470
v -1.038528 4.723800 4.779285
v -1.032048 4.694000 5.553235
v -0.021924 4.814700 4.779285
v -0.021924 4.784200 5.553235
v -1.047168 4.764000 4.034200
v -0.022032 4.855600 4.034200
v 0.988416 4.696100 5.553235
v 0.994788 4.725900 4.779285
v 1.003428 4.766200 4.034200
v 1.014552 4.818200 3.315565
v -0.022032 4.908600 3.315565
v -1.058400 4.816000 3.315565
v -5.117904 -0.946600 4.779285
v -5.085612 -0.940700 5.553235
v -5.215968 -0.005400 4.779285
v -5.183136 -0.005300 5.553235
v -5.161320 -0.954700 4.034200
v -5.260248 -0.005400 4.034200
v -5.087880 0.930200 5.553235
v -5.120172 0.936100 4.779285
v -5.163588 0.944100 4.034200
v -5.219748 0.954400 3.315565
v -5.317488 -0.005500 3.315565
v -5.217480 -0.965100 3.315565
v 1.006236 -4.723800 4.779285
v 0.999756 -4.694000 5.553235
v -0.010368 -4.814700 4.779285
v -0.010368 -4.784200 5.553235
v 1.014984 -4.764000 4.034200
v -0.010260 -4.855600 4.034200
v -1.020708 -4.696100 5.553235
v -1.027080 -4.725900 4.779285
v -1.035720 -4.766200 4.034200
v -1.046844 -4.818200 3.315565
v -0.010260 -4.908600 3.315565
v 1.026216 -4.816000 3.315565
v 4.296672 2.649300 6.349840
v 4.794444 1.828000 6.366170
v 3.625992 3.371200 6.356625
v 4.268700 2.644200 7.176460
v 4.757616 1.826000 7.178645
v 3.612168 3.362800 7.174735
v 1.950264 4.409700 6.358925
v 2.837376 3.966500 6.358925
v 1.945080 4.398000 7.174275
v 2.829816 3.956100 7.174275
v 1.943352 4.394200 7.977435
v 2.827332 3.952600 7.977435
v 1.945080 4.397900 8.746440
v 2.829708 3.955900 8.746440
v 3.614220 3.360400 7.981805
v 3.623076 3.370100 8.753571
v 4.285764 2.644100 7.995145
v 4.312764 2.673700 8.775075
v 4.910004 1.831100 8.830735
v 4.785912 1.827800 7.987785
v -2.879172 3.960600 6.358925
v -1.993248 4.405600 6.358925
v -3.657528 3.364100 6.358925
v -2.871612 3.950200 7.174275
v -1.987956 4.394000 7.174275
v -3.647916 3.355200 7.174275
v -4.778568 1.820800 6.358925
v -4.299912 2.642200 6.358925
v -4.766040 1.816000 7.174275
v -4.288680 2.635200 7.174275
v -4.761828 1.814400 7.977435
v -4.765824 1.815900 8.746440
v -4.288464 2.635100 8.746440
v -4.284900 2.632900 7.977435
v -3.644676 3.352300 7.977435
v -3.647808 3.355100 8.746440
v -2.869128 3.946700 7.977435
v -1.986228 4.390100 7.977435
v -2.871612 3.950000 8.746440
v -1.987956 4.393800 8.746440
v -4.293540 -2.651000 6.358925
v -4.774140 -1.830600 6.358925
v -3.649428 -3.371600 6.358925
v -4.282308 -2.644000 7.174275
v -4.761612 -1.825800 7.174275
v -3.639816 -3.362700 7.174275
v -1.982556 -4.409700 6.358925
v -2.869668 -3.966500 6.358925
v -1.977372 -4.398000 7.174275
v -2.862108 -3.956100 7.174275
v -1.975644 -4.394200 7.977435
v -2.859624 -3.952600 7.977435
v -1.977372 -4.397900 8.746440
v -2.862000 -3.955900 8.746440
v -3.636576 -3.359800 7.977435
v -3.639708 -3.362600 8.746440
v -4.278528 -2.641700 7.977435
v -4.282200 -2.643900 8.746440
v -4.761504 -1.825700 8.746440
v -4.757508 -1.824200 7.977435
v 2.846988 -3.960600 6.358925
v 1.960956 -4.405600 6.358925
v 3.634092 -3.363700 6.356625
v 2.839428 -3.950200 7.174275
v 1.955664 -4.394000 7.174275
v 3.620268 -3.355300 7.174735
v 4.798980 -1.818000 6.366170
v 4.303152 -2.640300 6.349840
v 4.762044 -1.816200 7.178645
v 4.275180 -2.635300 7.176460
v 4.790340 -1.817900 7.987785
v 4.914540 -1.820900 8.830735
v 4.319352 -2.664700 8.775075
v 4.292244 -2.635200 7.995145
v 3.622320 -3.352900 7.981805
v 3.631284 -3.362500 8.753571
v 2.836944 -3.946700 7.977435
v 1.954044 -4.390100 7.977435
v 2.839320 -3.950000 8.746440
v 1.955664 -4.393800 8.746440
v -1.023948 4.656600 7.977435
v 5.290920 -0.962600 11.979665
v 5.057640 -1.863600 11.367405
v 5.318892 -0.912000 11.606951
v 4.997484 -1.891900 11.922970
v 5.379264 0.005600 12.016351
v 5.389956 0.005600 11.671004
v 5.312628 -0.974700 12.420344
v 5.012064 -1.916200 12.406085
v 5.409936 0.005600 12.429430
v 5.288544 0.973500 11.979665
v 4.992840 1.902300 11.922970
v 5.316624 0.923000 11.606951
v 5.053104 1.874100 11.367405
v 5.007420 1.926500 12.406085
v 5.310252 0.985600 12.420344
v 5.033988 1.942900 12.826870
v 5.033124 1.942600 13.152665
v 5.339628 0.993700 13.152665
v 5.340492 0.993900 12.826870
v 5.443524 0.005600 12.826870
v 5.442660 0.005600 13.152665
v 5.342868 -0.982900 12.826870
v 5.342004 -0.982700 13.152665
v 5.037768 -1.932200 13.152665
v 5.038632 -1.932600 12.826870
v 4.466340 2.752700 11.899281
v 4.428324 2.740400 11.345554
v 3.765096 3.499200 11.893875
v 3.717468 3.455900 11.336125
v 4.494852 2.789400 12.400220
v 3.808944 3.547200 12.398840
v 2.945052 4.116100 11.892150
v 1.995300 4.510500 11.333020
v 1.006776 4.782000 11.333020
v 1.021680 4.851400 11.892150
v 2.024460 4.576000 11.892150
v -0.022140 4.942500 11.892150
v -0.022032 4.871800 11.333020
v 1.036044 4.918400 12.398380
v 2.052648 4.639200 12.398380
v -0.022248 5.010800 12.398380
v -1.065636 4.849300 11.892150
v -1.050624 4.779900 11.333020
v -2.038392 4.506300 11.333020
v -2.067768 4.571800 11.892150
v -2.096172 4.634900 12.398380
v -1.080216 4.916300 12.398380
v -2.114532 4.676000 12.826870
v -1.089612 4.959800 12.826870
v -2.114208 4.675200 13.152665
v -1.089396 4.959000 13.152665
v -0.022248 5.055200 12.826870
v -0.022248 5.054400 13.152665
v 1.045332 4.962000 12.826870
v 2.071008 4.680300 12.826870
v 1.045116 4.961200 13.152665
v 2.070684 4.679500 13.152665
v 2.902608 4.057200 11.333020
v 2.985876 4.173000 12.398380
v 3.012552 4.209900 12.826870
v 3.012012 4.209300 13.152665
v 3.840048 3.578500 12.826870
v 3.839508 3.578000 13.152665
v 4.523148 2.813200 13.152665
v 4.523904 2.813700 12.826870
v -1.039608 4.729000 10.745831
v -2.016900 4.458400 10.745831
v -0.021924 4.820000 10.745831
v -1.032048 4.694000 10.123680
v -2.002104 4.425400 10.123680
v -0.021924 4.784300 10.123680
v 1.973808 4.462500 10.745831
v 0.995976 4.731100 10.745831
v 1.959120 4.429500 10.123680
v 0.988416 4.696100 10.123680
v 1.949940 4.408800 9.459556
v 0.981288 4.662600 8.746440
v 0.983772 4.674200 9.459556
v -0.021924 4.761900 9.459556
v -0.021924 4.750100 8.746440
v -1.027296 4.672100 9.459556
v -1.024812 4.660500 8.746440
v -1.992816 4.404700 9.459556
v -2.987280 4.110000 11.892150
v -2.944728 4.051200 11.333020
v -3.794904 3.491000 11.892150
v -3.740796 3.441000 11.333020
v -3.028212 4.166800 12.398380
v -3.847068 3.539200 12.398380
v -4.461588 2.741800 11.892150
v -5.255712 0.961000 11.892150
v -4.887432 1.862400 11.333020
v -5.180760 0.947200 11.333020
v -4.958172 1.889500 11.892150
v -5.354100 -0.005500 11.892150
v -5.277744 -0.005400 11.333020
v -5.328072 0.974300 12.398380
v -5.026536 1.915600 12.398380
v -5.427864 -0.005600 12.398380
v -5.253444 -0.971800 11.892150
v -4.953636 -1.899600 11.892150
v -5.178492 -0.957800 11.333020
v -4.883004 -1.872500 11.333020
v -5.021892 -1.925900 12.398380
v -5.325696 -0.985200 12.398380
v -5.066280 -1.942900 12.826870
v -5.065416 -1.942600 13.152665
v -5.371920 -0.993700 13.152665
v -5.372784 -0.993900 12.826870
v -5.475816 -0.005600 12.826870
v -5.474952 -0.005600 13.152665
v -5.375160 0.982900 12.826870
v -5.374296 0.982700 13.152665
v -5.070060 1.932200 13.152665
v -5.070924 1.932600 12.826870
v -4.397976 2.702600 11.333020
v -4.522932 2.779700 12.398380
v -4.562892 2.804300 12.826870
v -4.562136 2.803900 13.152665
v -3.880980 3.570600 12.826870
v -3.880332 3.570000 13.152665
v -3.054456 4.203000 13.152665
v -3.054996 4.203700 12.826870
v -5.123520 -0.947700 10.745831
v -4.831272 -1.852500 10.745831
v -5.221692 -0.005300 10.745831
v -5.085720 -0.940600 10.123680
v -4.795524 -1.838800 10.123680
v -5.183136 -0.005300 10.123680
v -4.835700 1.842600 10.745831
v -5.125788 0.937200 10.745831
v -4.799952 1.829000 10.123680
v -5.087880 0.930200 10.123680
v -4.777596 1.820400 9.459556
v -5.064228 0.925900 9.459556
v -5.051700 0.923600 8.746440
v -5.159052 -0.005300 9.459556
v -5.146308 -0.005300 8.746440
v -5.061960 -0.936200 9.459556
v -4.773168 -1.830200 9.459556
v -5.049540 -0.933900 8.746440
v -4.455000 -2.751000 11.892150
v -4.391388 -2.711600 11.333020
v -3.786480 -3.498800 11.892150
v -3.732480 -3.448700 11.333020
v -4.516236 -2.789000 12.398380
v -3.838536 -3.547100 12.398380
v -2.977344 -4.116100 11.892150
v -2.027592 -4.510500 11.333020
v -1.039068 -4.782000 11.333020
v -1.053972 -4.851400 11.892150
v -2.056752 -4.576000 11.892150
v -0.010152 -4.942500 11.892150
v -0.010260 -4.871800 11.333020
v -1.068336 -4.918400 12.398380
v -2.084940 -4.639200 12.398380
v -0.010044 -5.010800 12.398380
v 1.033344 -4.849300 11.892150
v 1.018332 -4.779900 11.333020
v 2.006100 -4.506300 11.333020
v 2.035476 -4.571800 11.892150
v 2.063880 -4.634900 12.398380
v 1.047924 -4.916300 12.398380
v 2.082240 -4.676000 12.826870
v 1.057320 -4.959800 12.826870
v 2.081916 -4.675200 13.152665
v 1.057104 -4.959000 13.152665
v -0.010044 -5.055200 12.826870
v -0.010044 -5.054400 13.152665
v -1.077624 -4.962000 12.826870
v -2.103300 -4.680300 12.826870
v -1.077408 -4.961200 13.152665
v -2.102976 -4.679500 13.152665
v -2.934900 -4.057200 11.333020
v -3.018168 -4.173000 12.398380
v -3.044844 -4.209900 12.826870
v -3.044304 -4.209300 13.152665
v -3.872340 -3.578500 12.826870
v -3.871800 -3.578000 13.152665
v -4.555440 -2.813200 13.152665
v -4.556196 -2.813700 12.826870
v 1.007424 -4.729000 10.745831
v 1.984608 -4.458400 10.745831
v -0.010368 -4.820000 10.745831
v 0.999756 -4.694000 10.123680
v 1.969812 -4.425400 10.123680
v -0.010368 -4.784300 10.123680
v -2.006100 -4.462500 10.745831
v -1.028268 -4.731100 10.745831
v -1.991412 -4.429500 10.123680
v -1.020708 -4.696100 10.123680
v -1.982232 -4.408800 9.459556
v -1.013580 -4.662600 8.746440
v -1.016064 -4.674200 9.459556
v -0.010368 -4.761900 9.459556
v -0.010368 -4.750100 8.746440
v 0.995004 -4.672100 9.459556
v 0.992520 -4.660500 8.746440
v 1.960524 -4.404700 9.459556
v 2.954988 -4.110000 11.892150
v 2.912436 -4.051200 11.333020
v 3.773520 -3.491400 11.893875
v 3.725784 -3.448200 11.336125
v 2.996028 -4.166800 12.398380
v 3.817476 -3.539300 12.398840
v 4.435020 -2.731200 11.345554
v 4.473036 -2.743500 11.899281
v 4.501548 -2.780100 12.400220
v 4.530600 -2.804300 12.826870
v 4.529844 -2.803900 13.152665
v 3.848688 -3.570600 12.826870
v 3.848040 -3.570000 13.152665
v 3.022164 -4.203000 13.152665
v 3.022704 -4.203700 12.826870
v -0.021924 4.746200 7.977435
v -1.024812 4.660700 7.174275
v -0.021924 4.750300 7.174275
v 0.980424 4.658700 7.977435
v 0.981288 4.662800 7.174275
v 0.983988 4.675100 6.358925
v -0.021924 4.762900 6.358925
v -1.027512 4.673000 6.358925
v -5.045328 -0.933200 7.977435
v -5.141988 -0.005300 7.977435
v -5.049648 -0.934000 7.174275
v -5.146416 -0.005300 7.174275
v -5.047488 0.922800 7.977435
v -5.051916 0.923600 7.174275
v -5.065200 0.926100 6.358925
v -5.160024 -0.005300 6.358925
v -5.063040 -0.936500 6.358925
v 0.991656 -4.656600 7.977435
v -0.010368 -4.746200 7.977435
v 0.992520 -4.660700 7.174275
v -0.010368 -4.750300 7.174275
v -1.012716 -4.658700 7.977435
v -1.013580 -4.662800 7.174275
v -1.016280 -4.675100 6.358925
v -0.010368 -4.762900 6.358925
v 0.995220 -4.673000 6.358925
v 5.058288 0.935600 7.930055
v 5.122980 0.898500 8.563475
v 5.138100 0.005300 7.888655
v 5.181300 0.005400 8.492175
v 5.037012 0.934200 7.180945
v 5.124924 0.005300 7.182095
v 5.125248 -0.887800 8.563475
v 5.060556 -0.925100 7.930055
v 5.039280 -0.923700 7.180945
v 5.066280 -0.924200 6.433100
v 5.127300 -0.880500 5.810720
v 5.142312 0.005400 6.479215
v 5.181408 0.005500 5.889955
v 5.125140 0.891300 5.810720
v 5.064012 0.934700 6.433100
v 4.314600 2.757400 9.484970
v 4.846716 2.172800 9.544080
v 3.629880 3.397700 9.465880
v 4.323240 2.820800 10.141390
v 4.855572 2.271600 10.168185
v 3.644028 3.426200 10.128050
v 2.836836 3.965700 9.459556
v 2.850228 3.984300 10.123680
v 2.871612 4.014000 10.745831
v 3.675240 3.438600 10.749510
v 4.916484 2.195700 10.762735
v 4.370868 2.789100 10.760550
v -2.878632 3.959800 9.459556
v -3.656772 3.363400 9.459556
v -2.892132 3.978400 10.123680
v -3.673836 3.379200 10.123680
v -4.299048 2.641600 9.459556
v -4.319244 2.654000 10.123680
v -4.351320 2.673800 10.745831
v -3.701160 3.404400 10.745831
v -2.913516 4.008100 10.745831
v -4.292784 -2.650500 9.459556
v -3.648672 -3.370900 9.459556
v -4.312764 -2.662900 10.123680
v -3.665736 -3.386800 10.123680
v -2.869128 -3.965700 9.459556
v -2.882520 -3.984300 10.123680
v -2.903904 -4.014000 10.745831
v -3.692952 -3.412000 10.745831
v -4.344840 -2.682800 10.745831
v 2.846340 -3.959800 9.459556
v 3.638088 -3.390100 9.465880
v 2.859840 -3.978400 10.123680
v 3.652344 -3.418600 10.128050
v 4.852224 -2.162700 9.544080
v 4.321296 -2.748400 9.484970
v 4.861296 -2.261500 10.168185
v 4.330152 -2.811800 10.141390
v 4.377672 -2.780000 10.760550
v 4.921992 -2.185500 10.762735
v 3.683556 -3.431000 10.749510
v 2.881224 -4.008100 10.745831
v 4.462560 2.775700 13.350810
v 4.965732 1.916700 13.350810
v 3.787992 3.530200 13.350810
v 4.366332 2.716100 13.441085
v 4.858704 1.875500 13.441085
v 3.706344 3.454400 13.441085
v 2.042820 4.617100 13.350810
v 2.971620 4.153100 13.350810
v 1.998540 4.517900 13.441085
v 2.907468 4.063900 13.441085
v 1.949076 4.406800 13.443385
v 1.905336 4.308700 13.377375
v 2.772036 3.875700 13.377375
v 2.835540 3.963900 13.443385
v 3.614760 3.369400 13.443385
v 3.533868 3.294400 13.377375
v 4.258548 2.649300 13.443385
v 4.163400 2.590300 13.377375
v 4.632984 1.788700 13.377375
v 4.738824 1.829400 13.443385
v 1.030968 4.895100 13.350810
v -0.022140 4.987000 13.350810
v 1.008504 4.789900 13.441085
v -0.022032 4.879800 13.441085
v -2.086236 4.612900 13.350810
v -1.075140 4.892900 13.350810
v -2.041740 4.513700 13.441085
v -1.052352 4.787800 13.441085
v -1.991952 4.402700 13.443385
v -1.947888 4.304700 13.377375
v -1.004400 4.566000 13.377375
v -1.026864 4.670000 13.443385
v -0.021924 4.759800 13.443385
v -0.021708 4.653800 13.377375
v 0.961092 4.568100 13.377375
v 0.983340 4.672100 13.443385
v -3.013956 4.146900 13.350810
v -3.828816 3.522400 13.350810
v -2.949480 4.057800 13.441085
v -3.746952 3.446700 13.441085
v -5.002668 1.906500 13.350810
v -4.501548 2.766500 13.350810
v -4.895532 1.865500 13.441085
v -4.405104 2.707000 13.441085
v -4.775544 1.819600 13.443385
v -4.201848 2.581700 13.377375
v -4.297212 2.640500 13.443385
v -4.669488 1.779100 13.377375
v -3.655152 3.361900 13.443385
v -3.574152 3.287100 13.377375
v -2.813616 3.869900 13.377375
v -2.877336 3.958000 13.443385
v -5.302800 0.969600 13.350810
v -5.402052 -0.005500 13.350810
v -5.189184 0.948800 13.441085
v -5.286384 -0.005400 13.441085
v -4.998024 -1.916700 13.350810
v -5.300424 -0.980500 13.350810
v -4.890996 -1.875500 13.441085
v -5.186916 -0.959400 13.441085
v -4.771116 -1.829400 13.443385
v -4.947480 -0.915000 13.377375
v -5.059692 -0.935800 13.443385
v -4.665168 -1.788700 13.377375
v -5.156676 -0.005300 13.443385
v -5.042304 -0.005200 13.377375
v -4.949640 0.904800 13.377375
v -5.061960 0.925400 13.443385
v -4.494852 -2.775700 13.350810
v -3.820284 -3.530200 13.350810
v -4.398624 -2.716100 13.441085
v -3.738528 -3.454400 13.441085
v -2.075112 -4.617100 13.350810
v -3.003912 -4.153100 13.350810
v -2.030832 -4.517900 13.441085
v -2.939652 -4.063900 13.441085
v -1.981260 -4.406800 13.443385
v -2.804328 -3.875700 13.377375
v -2.867832 -3.963900 13.443385
v -1.937520 -4.308700 13.377375
v -3.647052 -3.369400 13.443385
v -3.566160 -3.294400 13.377375
v -4.195584 -2.590300 13.377375
v -4.290840 -2.649300 13.443385
v -1.063260 -4.895100 13.350810
v -0.010152 -4.987000 13.350810
v -1.040796 -4.789900 13.441085
v -0.010260 -4.879800 13.441085
v 2.053944 -4.612900 13.350810
v 1.042848 -4.892900 13.350810
v 2.009448 -4.513700 13.441085
v 1.020060 -4.787800 13.441085
v 1.959660 -4.402700 13.443385
v 0.972108 -4.566000 13.377375
v 0.994572 -4.670000 13.443385
v 1.915704 -4.304700 13.377375
v -0.010368 -4.759800 13.443385
v -0.010476 -4.653800 13.377375
v -0.993276 -4.568100 13.377375
v -1.015632 -4.672100 13.443385
v 2.981664 -4.146900 13.350810
v 3.796524 -3.522400 13.350810
v 2.917188 -4.057800 13.441085
v 3.714660 -3.446700 13.441085
v 4.970376 -1.906500 13.350810
v 4.469256 -2.766500 13.350810
v 4.863240 -1.865500 13.441085
v 4.372812 -2.707000 13.441085
v 4.743252 -1.819600 13.443385
v 4.637196 -1.779100 13.377375
v 4.169556 -2.581700 13.377375
v 4.264920 -2.640500 13.443385
v 3.622860 -3.361900 13.443385
v 3.541860 -3.287100 13.377375
v 2.781324 -3.869900 13.377375
v 2.845044 -3.958000 13.443385
v 5.270508 -0.969600 13.350810
v 5.369760 0.005500 13.350810
v 5.156892 -0.948800 13.441085
v 5.254092 0.005400 13.441085
v 5.268132 0.980500 13.350810
v 5.154624 0.959400 13.441085
v 5.027508 0.935800 13.443385
v 4.915188 0.915000 13.377375
v 5.124384 0.005300 13.443385
v 5.010012 0.005200 13.377375
v 4.917348 -0.904800 13.377375
v 5.029668 -0.925400 13.443385
v 3.005856 4.200600 0.160540
v 2.066364 4.669900 0.160540
v 3.831516 3.570600 0.160540
v 2.874312 4.053600 0.040135
v 1.990764 4.500400 0.040135
v 3.653856 3.446000 0.040135
v 4.513752 2.807500 0.160540
v 4.308228 2.702600 0.040135
v 3.950316 2.548600 0.000000
v 3.340548 3.276200 0.000000
v 1.882872 4.258500 0.000000
v 2.652588 3.852800 0.000000
v -1.087236 4.948800 0.160540
v -2.109888 4.665600 0.160540
v -0.022248 5.044000 0.160540
v -1.021356 4.740200 0.040135
v -2.018520 4.462000 0.040135
v 0.008748 4.839600 0.040135
v 1.043064 4.951000 0.160540
v 1.024164 4.761000 0.040135
v 1.028268 4.473700 0.000000
v 0.101412 4.514600 0.000000
v -1.864080 4.117900 0.000000
v -0.885060 4.397300 0.000000
v -4.552740 2.798100 0.160540
v -5.059584 1.928200 0.160540
v -3.872340 3.562600 0.160540
v -4.394088 2.676300 0.040135
v -4.876524 1.858200 0.040135
v -3.737772 3.398100 0.040135
v -3.048192 4.194300 0.160540
v -2.935008 4.004000 0.040135
v -2.768688 3.672600 0.000000
v -3.554388 3.108000 0.000000
v -4.615380 1.758400 0.000000
v -4.177116 2.471000 0.000000
v -5.360904 -0.991700 0.160540
v -5.463612 -0.005600 0.160540
v -5.135616 -0.930800 0.040135
v -5.242860 0.023100 0.040135
v -5.363172 0.980700 0.160540
v -5.157972 0.963300 0.040135
v -4.847796 0.967100 0.000000
v -4.891860 0.108800 0.000000
v -4.765176 -0.804600 0.000000
v 5.206140 0.757700 5.438005
v 5.167368 1.370400 5.155450
v 5.233356 0.005600 5.524600
v 5.302584 0.605200 5.252165
v 5.307444 1.099200 5.003190
v 5.305068 0.005900 5.333240
v 5.171148 -1.359300 5.155450
v 5.208192 -0.746500 5.438005
v 5.310900 -1.087500 5.003190
v 5.304528 -0.593500 5.252165
v 5.434776 -0.904600 4.962365
v 5.411880 -0.492600 5.189950
v 5.565456 -0.426500 5.215020
v 5.403564 0.006100 5.265735
v 5.555628 0.006400 5.285630
v 5.410044 0.504800 5.189950
v 5.431428 0.916800 4.962365
v 5.563620 0.439400 5.215020
v 5.589324 0.795700 5.003305
v 5.326020 1.383600 2.960560
v 5.182488 1.803600 4.047080
v 5.158080 1.704200 4.654050
v 5.329800 1.382500 4.580565
v 5.632956 0.998900 4.650255
v 5.467824 1.155500 4.583210
v 5.435964 0.799500 11.404090
v 5.350428 1.443800 11.164890
v 5.480460 0.005700 11.477115
v 5.602500 0.666400 11.321404
v 5.559192 1.210700 11.100375
v 5.621400 0.006000 11.393395
v 5.354316 -1.432500 11.164890
v 5.438016 -0.788100 11.404090
v 5.562756 -1.198900 11.100375
v 5.604336 -0.654500 11.321404
v 5.743656 -1.056100 11.101295
v 5.774112 -0.574500 11.309445
v 5.919588 -0.968700 11.137175
v 5.952204 -0.526700 11.334400
v 5.783616 0.006200 11.378790
v 5.962464 0.006500 11.400181
v 5.772276 0.586900 11.309445
v 5.740308 1.068500 11.101295
v 5.950368 0.539700 11.334400
v 5.274828 -1.777900 10.739620
v 5.214240 -1.871600 10.213149
v 5.507676 -1.511200 10.725475
v 5.450004 -1.605900 10.271455
v 5.192208 -1.406900 9.218515
v 5.187132 -1.760800 9.670465
v 5.365872 -1.177600 9.431725
v 5.400540 -1.497000 9.813410
v 5.514372 -1.035300 9.575015
v 5.730912 -1.213400 10.019489
v 5.566860 -1.325600 9.921970
v 5.629608 -1.428200 10.338156
v 5.797872 -1.308300 10.413940
v 5.864508 -1.228000 10.808390
v 5.692032 -1.339500 10.754455
v 6.152868 0.006800 11.424215
v 6.359796 0.475500 11.387760
v 6.369732 0.007100 11.445260
v 6.113124 -0.901100 11.177655
v 6.143472 -0.489800 11.362575
v 6.335496 -0.849200 11.215261
v 6.361632 -0.461300 11.387760
v 6.620724 -0.438900 11.403860
v 6.598260 -0.808500 11.242630
v 6.627528 0.007500 11.457565
v 6.618888 0.453800 11.403860
v 6.061716 -1.142000 10.869340
v 5.999616 -1.216200 10.499500
v 6.291000 -1.076100 10.927760
v 6.237324 -1.145600 10.582760
v 5.937192 -1.127300 10.129545
v 6.183216 -1.061500 10.237645
v 6.466500 -1.010500 10.329301
v 6.513372 -1.090800 10.651645
v 6.559812 -1.024600 10.973989
v 5.480460 0.572800 9.366864
v 5.511024 1.047500 9.575015
v 5.470956 0.006100 9.297520
v 5.351184 0.652000 9.206900
v 5.362524 1.189200 9.431725
v 5.351616 0.005800 9.133760
v 5.482296 -0.560700 9.366864
v 5.353128 -0.640300 9.206900
v 5.228388 -0.771100 8.964135
v 5.253768 0.005600 8.886280
v 5.188428 1.417900 9.218515
v 5.226336 0.782200 8.964135
v 5.270076 1.789000 10.739620
v 5.503248 1.523000 10.725475
v 5.209272 1.882600 10.213149
v 5.445360 1.617600 10.271455
v 5.687712 1.351800 10.754455
v 5.625072 1.440500 10.338156
v 5.562648 1.337800 9.921970
v 5.396112 1.508700 9.813410
v 5.182380 1.771800 9.670465
v 5.798196 0.391700 5.291035
v 5.830812 0.708300 5.095535
v 5.787936 0.006800 5.356125
v 6.091956 0.358700 5.412015
v 6.133428 0.648700 5.233305
v 6.078780 0.007300 5.471585
v 5.800032 -0.378000 5.291035
v 6.093792 -0.344200 5.412015
v 6.424812 -0.322100 5.572440
v 6.406560 0.007700 5.626375
v 6.474168 0.611000 5.410520
v 6.422976 0.337600 5.572440
v 5.560596 -1.121600 3.673100
v 5.596992 -0.872200 3.293945
v 5.516532 -1.213700 4.128155
v 5.416200 -1.361000 3.565575
v 5.461020 -1.072900 3.146515
v 5.370624 -1.457200 4.072035
v 5.472144 -1.143200 4.583210
v 5.334228 -1.370700 4.580565
v 5.162832 -1.693100 4.654050
v 5.187564 -1.792400 4.047080
v 5.329908 -1.372200 2.960560
v 5.249448 -1.701700 3.447700
v 5.616432 0.483400 3.066360
v 5.624748 0.006200 2.990575
v 5.493636 0.595700 2.900530
v 5.509728 0.006000 2.820835
v 5.618376 -0.471000 3.066360
v 5.495580 -0.583700 2.900530
v 5.410044 -0.755100 2.690080
v 5.449464 0.005800 2.609005
v 5.407884 0.766600 2.690080
v 6.768360 0.762800 4.493395
v 6.372000 0.798200 4.220730
v 6.664248 0.821400 4.817120
v 6.287436 0.864100 4.578150
v 6.019704 0.864300 3.988085
v 5.952744 0.938600 4.378970
v 5.886108 0.888600 4.769855
v 6.203196 0.815700 4.935455
v 6.560352 0.771500 5.140845
v 4.104972 2.554100 13.262950
v 4.567968 1.763700 13.262950
v 3.484296 3.248400 13.262950
v 4.066632 2.530400 12.954289
v 4.525416 1.747300 12.954289
v 3.451788 3.218200 12.954289
v 1.878444 4.248500 13.262950
v 2.733048 3.821500 13.262950
v 1.860840 4.209000 12.954289
v 2.707560 3.786000 12.954289
v 1.844856 4.173300 12.305346
v 1.572264 -3.539500 4.556875
v 1.995624 -3.239200 4.069850
v 1.399032 -3.153500 3.174575
v 1.043712 -3.605400 4.069850
v 1.868292 -2.572000 2.722165
v 2.520828 -2.731100 3.709440
v 0.622836 -3.051200 2.722165
v 0.284256 -3.591500 3.709440
v 1.050192 -2.376100 2.227320
v 2.342952 -1.860700 2.571400
v -3.838752 -1.470700 4.556875
v -3.514428 -1.862700 4.069850
v -3.421872 -1.310300 3.174575
v -3.909924 -0.981300 4.069850
v -2.793852 -1.744900 2.722165
v -2.965680 -2.349000 3.709440
v -3.311388 -0.591600 2.722165
v -3.894912 -0.278100 3.709440
v -2.582280 -0.987300 2.227320
v -2.025648 -2.184400 2.571400
v -1.442880 -3.199400 3.589265
v -1.164132 -2.574500 2.571400
v -2.258280 -2.812200 3.589265
v -0.818640 -1.799600 2.062410
v -1.737396 -1.405800 2.062410
v -0.428544 -0.924800 1.892785
v -1.431324 3.153500 3.174575
v -1.604556 3.539500 4.556875
v -2.027916 3.239200 4.069850
v -1.076004 3.605400 4.069850
v -1.900584 2.572000 2.722165
v -2.553012 2.731100 3.709440
v -0.655128 3.051200 2.722165
v -0.316548 3.591500 3.709440
v -1.082376 2.376100 2.227320
v -2.375244 1.860700 2.571400
v -3.471444 1.321100 3.589265
v -2.796552 1.063000 2.571400
v -3.053268 2.076100 3.589265
v -1.959660 0.743100 2.062410
v -1.534464 1.593800 2.062410
v -1.014876 0.381900 1.892785
v 1.366632 0.532000 1.892785
v -0.016092 0.000000 1.892785
v 0.982584 -0.381900 1.892785
v 0.396252 0.924800 1.892785
v 2.274264 0.137600 2.062410
v 1.927368 -0.743100 2.062410
v 1.705212 1.405800 2.062410
v 0.786348 1.799600 2.062410
v 2.549988 0.987300 2.227320
v 3.073464 -0.222500 2.571400
v 2.764260 -1.063000 2.571400
v 3.439260 -1.321100 3.589265
v 3.718116 -0.512800 3.589265
v 3.862728 0.278100 3.709440
v 3.279096 0.591600 2.722165
v 3.877740 0.981300 4.069850
v 3.389688 1.310300 3.174575
v 3.806568 1.470700 4.556875
v 3.482244 1.862700 4.069850
v 2.761560 1.744900 2.722165
v 2.933388 2.349000 3.709440
v 1.993356 2.184400 2.571400
v 2.225988 2.812200 3.589265
v 1.410588 3.199400 3.589265
v 1.131948 2.574500 2.571400
v -0.590652 1.280300 1.892785
v -0.164808 2.120800 2.062410
v 0.537732 3.457700 3.589265
v 0.224208 2.860800 2.571400
v -1.398816 -0.532000 1.892785
v -2.306556 -0.137600 2.062410
v -3.750408 0.512800 3.589265
v -3.105756 0.222500 2.571400
v 3.021084 -2.076100 3.589265
v 1.502172 -1.593800 2.062410
v 0.558468 -1.280300 1.892785
v 0.132516 -2.120800 2.062410
v -0.570024 -3.457700 3.589265
v -0.256500 -2.860800 2.571400
v 3.633876 2.177900 5.549555
v 4.017168 1.551800 5.681575
v 3.792852 2.339600 7.399100
v 4.214052 1.627500 7.432105
v 3.089664 2.738200 5.351640
v 3.220560 2.967600 7.349650
v 3.907116 2.431500 9.403895
v 4.433832 1.712100 11.170525
v 3.984336 2.479300 11.170525
v 4.347972 1.679000 9.403895
v 3.381804 3.153300 11.170525
v 3.316248 3.092400 9.403895
v 2.652588 3.709700 11.170525
v 1.787508 4.044500 9.403895
v 2.601072 3.638100 9.403895
v 1.822932 4.124100 11.170525
v 2.519640 3.494400 7.333090
v 1.719468 3.892100 7.333090
v 1.600128 3.624500 5.285630
v 2.398032 3.234000 5.285630
v 0.737208 3.869000 5.285630
v 0.849420 4.133000 7.333090
v -0.130680 3.969400 5.351640
v -0.048708 4.217500 7.349650
v 0.919188 4.372400 11.170525
v 0.901152 4.288000 9.403895
v -0.021492 4.454500 11.170525
v -0.021384 4.368500 9.403895
v -0.962064 4.370400 11.170525
v -1.829520 4.040800 9.403895
v -0.943812 4.286100 9.403895
v -1.865160 4.120300 11.170525
v -0.932796 4.146300 7.399100
v -1.773900 3.916900 7.432105
v -1.692036 3.734600 5.681575
v -0.943380 3.927900 5.549555
v -2.368224 3.379700 5.549555
v -2.542860 3.526800 7.399100
v -2.973348 2.875700 5.351640
v -3.221208 2.996900 7.349650
v -2.693844 3.704100 11.170525
v -2.642112 3.632700 9.403895
v -3.421656 3.146300 11.170525
v -3.355992 3.085600 9.403895
v -4.022568 2.471100 11.170525
v -4.470120 1.702900 11.170525
v -4.384152 1.670000 9.403895
v -3.945240 2.423400 9.403895
v -3.790044 2.348000 7.333090
v -4.219560 1.607100 7.333090
v -3.930552 1.496600 5.285630
v -3.508812 2.235400 5.285630
v -4.194612 0.697600 5.285630
v -4.479732 0.801500 7.333090
v -4.303044 -0.106100 5.351640
v -4.570992 -0.030100 7.349650
v -4.738284 0.866100 11.170525
v -4.647132 0.849400 9.403895
v -4.826952 -0.005000 11.170525
v -4.734072 -0.004900 9.403895
v -4.736124 -0.875800 11.170525
v -4.466016 -1.712100 11.170525
v -4.380156 -1.679000 9.403895
v -4.645080 -0.858900 9.403895
v -4.494096 -0.848700 7.399100
v -4.246344 -1.627500 7.432105
v -4.049460 -1.551800 5.681575
v -4.258224 -0.858500 5.549555
v -3.666168 -2.177900 5.549555
v -3.825036 -2.339600 7.399100
v -3.121848 -2.738200 5.351640
v -3.252744 -2.967600 7.349650
v -4.016520 -2.479300 11.170525
v -3.939408 -2.431500 9.403895
v -3.414096 -3.153300 11.170525
v -3.348540 -3.092400 9.403895
v -2.684880 -3.709700 11.170525
v -1.819692 -4.044500 9.403895
v -2.633364 -3.638100 9.403895
v -1.855224 -4.124100 11.170525
v -2.551932 -3.494400 7.333090
v -1.751760 -3.892100 7.333090
v -1.632420 -3.624500 5.285630
v -2.430324 -3.234000 5.285630
v -0.769500 -3.869000 5.285630
v -0.881712 -4.133000 7.333090
v 0.098496 -3.969400 5.351640
v 0.016416 -4.217500 7.349650
v -0.951480 -4.372400 11.170525
v -0.933444 -4.288000 9.403895
v -0.010800 -4.454500 11.170525
v -0.010908 -4.368500 9.403895
v 0.929772 -4.370400 11.170525
v 1.797228 -4.040800 9.403895
v 0.911520 -4.286100 9.403895
v 1.832868 -4.120300 11.170525
v 0.900504 -4.146300 7.399100
v 1.741608 -3.916900 7.432105
v 1.659744 -3.734600 5.681575
v 0.911088 -3.927900 5.549555
v 2.335932 -3.379700 5.549555
v 2.510568 -3.526800 7.399100
v 2.941056 -2.875700 5.351640
v 3.188916 -2.996900 7.349650
v 2.661552 -3.704100 11.170525
v 2.609820 -3.632700 9.403895
v 3.389364 -3.146300 11.170525
v 3.323700 -3.085600 9.403895
v 3.990276 -2.471100 11.170525
v 4.437936 -1.702900 11.170525
v 4.351968 -1.670000 9.403895
v 3.912948 -2.423400 9.403895
v 3.757752 -2.348000 7.333090
v 4.187268 -1.607100 7.333090
v 3.898368 -1.496600 5.285630
v 3.476520 -2.235400 5.285630
v 4.162320 -0.697600 5.285630
v 4.447440 -0.801500 7.333090
v 4.270860 0.106100 5.351640
v 4.538808 0.030100 7.349650
v 4.705992 -0.866100 11.170525
v 4.614840 -0.849400 9.403895
v 4.794660 0.005000 11.170525
v 4.701888 0.004900 9.403895
v 4.612788 0.858900 9.403895
v 4.703940 0.875800 11.170525
v 4.461804 0.848700 7.399100
v 4.225932 0.858500 5.549555
v 2.684448 3.753900 12.305346
v 3.422304 3.190900 12.305346
v 4.486860 1.732500 12.305346
v 4.031964 2.508900 12.305346
v 0.947376 4.504200 13.262950
v -0.021708 4.588800 13.262950
v 0.938520 4.462400 12.954289
v -0.021600 4.546200 12.954289
v -1.920888 4.244500 13.262950
v -0.990576 4.502200 13.262950
v -1.903284 4.205100 12.954289
v -0.981504 4.460400 12.954289
v -0.973296 4.422500 12.305346
v -1.887192 4.169400 12.305346
v -0.021600 4.507600 12.305346
v 0.930312 4.424500 12.305346
v -2.774520 3.815800 13.262950
v -3.524364 3.241100 13.262950
v -2.748924 3.780400 12.954289
v -3.491748 3.211000 12.954289
v -4.604472 1.754200 13.262950
v -4.143312 2.545600 13.262950
v -4.561812 1.737900 12.954289
v -4.104972 2.521900 12.954289
v -4.070304 2.500500 12.305346
v -4.523256 1.723200 12.305346
v -3.462264 3.183800 12.305346
v -2.725704 3.748300 12.305346
v -4.880628 0.892200 13.262950
v -4.971996 -0.005100 13.262950
v -4.835484 0.883900 12.954289
v -4.925988 -0.005100 12.954289
v -4.600152 -1.763700 13.262950
v -4.878468 -0.902200 13.262950
v -4.557600 -1.747300 12.954289
v -4.833324 -0.893800 12.954289
v -4.792392 -0.886200 12.305346
v -4.519044 -1.732500 12.305346
v -4.884300 -0.005000 12.305346
v -4.794552 0.876400 12.305346
v -4.137156 -2.554100 13.262950
v -3.516480 -3.248400 13.262950
v -4.098924 -2.530400 12.954289
v -3.483972 -3.218200 12.954289
v -1.910628 -4.248500 13.262950
v -2.765340 -3.821500 13.262950
v -1.893024 -4.209000 12.954289
v -2.739744 -3.786000 12.954289
v -2.716632 -3.753900 12.305346
v -1.877148 -4.173300 12.305346
v -3.454596 -3.190900 12.305346
v -4.064256 -2.508900 12.305346
v -0.979668 -4.504200 13.262950
v -0.010584 -4.588800 13.262950
v -0.970704 -4.462400 12.954289
v -0.010692 -4.546200 12.954289
v 1.888596 -4.244500 13.262950
v 0.958284 -4.502200 13.262950
v 1.870992 -4.205100 12.954289
v 0.949212 -4.460400 12.954289
v 0.941004 -4.422500 12.305346
v 1.854900 -4.169400 12.305346
v -0.010692 -4.507600 12.305346
v -0.962604 -4.424500 12.305346
v 2.742228 -3.815800 13.262950
v 3.492072 -3.241100 13.262950
v 2.716632 -3.780400 12.954289
v 3.459456 -3.211000 12.954289
v 4.572180 -1.754200 13.262950
v 4.111020 -2.545600 13.262950
v 4.529520 -1.737900 12.954289
v 4.072680 -2.521900 12.954289
v 4.038012 -2.500500 12.305346
v 4.490964 -1.723200 12.305346
v 3.429972 -3.183800 12.305346
v 2.693412 -3.748300 12.305346
v 4.848336 -0.892200 13.262950
v 4.939704 0.005100 13.262950
v 4.803192 -0.883900 12.954289
v 4.893696 0.005100 12.954289
v 4.846176 0.902200 13.262950
v 4.801032 0.893800 12.954289
v 4.760208 0.886200 12.305346
v 4.852008 0.005000 12.305346
v 4.762260 -0.876400 12.305346
vn -0.464164 0.507181 0.726168
vn -0.479022 0.492511 0.726616
vn -0.537998 0.154884 0.828595
vn -0.534212 0.159915 0.830087
vn -0.526419 0.489744 0.695006
vn -0.542395 0.473075 0.694268
vn -0.593994 0.153638 0.789662
vn -0.598744 0.146908 0.787352
vn -0.534110 -0.158025 0.830515
vn -0.472638 -0.508233 0.719939
vn -0.467430 -0.495122 0.732368
vn -0.535471 -0.491465 0.686828
vn -0.530550 -0.475865 0.701476
vn -0.536947 -0.162890 0.827741
vn -0.597586 -0.156976 0.786289
vn -0.594112 -0.150410 0.790195
vn -0.598666 -0.473163 0.646309
vn -0.659472 -0.437312 0.611437
vn -0.662534 -0.454275 0.595552
vn -0.723432 -0.142522 0.675525
vn -0.720508 -0.135894 0.680001
vn -0.594421 -0.455888 0.662442
vn -0.656105 -0.142762 0.741044
vn -0.659486 -0.149744 0.736651
vn -0.589710 0.470975 0.656068
vn -0.669967 0.434393 0.602035
vn -0.654815 0.451703 0.605956
vn -0.606050 0.453108 0.653755
vn -0.724575 0.131776 0.676481
vn -0.720399 0.138378 0.679615
vn -0.660663 0.138942 0.737712
vn -0.655953 0.145990 0.740549
vn -0.282378 -0.842676 0.458432
vn 0.134162 -0.851458 0.506971
vn 0.123938 -0.858923 0.496881
vn 0.325425 -0.929332 0.174474
vn 0.318086 -0.933621 0.164844
vn -0.045361 -0.877272 0.477845
vn -0.043735 -0.875812 0.480667
vn 0.132774 -0.980050 0.147894
vn 0.140823 -0.976141 0.165282
vn 0.446080 -0.890132 -0.093152
vn 0.512162 -0.758945 -0.402110
vn 0.534305 -0.764395 -0.360859
vn 0.405099 -0.815640 -0.413070
vn 0.413327 -0.823422 -0.388764
vn 0.428124 -0.895379 -0.122503
vn 0.270481 -0.953202 -0.135076
vn 0.280180 -0.953648 -0.109796
vn 0.352565 -0.839859 -0.412716
vn 0.337667 -0.846767 -0.411055
vn 0.337711 -0.847320 -0.409878
vn 0.138409 -0.981327 -0.133566
vn 0.139105 -0.982903 -0.120632
vn 0.354252 -0.844053 -0.402591
vn 0.186792 -0.975410 -0.116981
vn 0.182988 -0.973609 -0.136383
vn -0.151591 -0.877094 0.455769
vn -0.220729 -0.857221 0.465242
vn -0.225233 -0.867506 0.443513
vn -0.146413 -0.870139 0.470554
vn -0.037562 -0.986043 0.162197
vn -0.040144 -0.989438 0.139285
vn 0.031234 -0.986331 0.161787
vn 0.025573 -0.989841 0.139858
vn 0.602970 -0.475739 -0.640390
vn 0.583098 -0.457810 -0.671123
vn 0.614480 -0.156903 -0.773172
vn 0.606450 -0.147516 -0.781318
vn 0.538686 -0.495281 -0.681552
vn 0.544514 -0.505473 -0.669329
vn 0.590853 -0.159433 -0.790869
vn 0.593444 -0.163953 -0.788000
vn 0.604916 0.160880 -0.779868
vn 0.605432 0.452409 -0.654811
vn 0.575572 0.486757 -0.657104
vn 0.546276 0.495272 -0.675492
vn 0.533506 0.510247 -0.674551
vn 0.614215 0.149288 -0.774889
vn 0.593320 0.162050 -0.788486
vn 0.589781 0.167459 -0.790010
vn 0.525497 0.512110 -0.679409
vn 0.541144 0.500996 -0.675401
vn 0.533248 0.510659 -0.674443
vn 0.614323 0.164544 -0.771708
vn 0.616755 0.160038 -0.770714
vn 0.525486 0.512123 -0.679407
vn 0.596030 0.165845 -0.785648
vn 0.595375 0.166978 -0.785906
vn 0.537873 -0.499135 -0.679379
vn 0.539538 -0.507073 -0.672143
vn 0.527014 -0.509525 -0.680177
vn 0.527070 -0.509693 -0.680007
vn 0.615244 -0.156703 -0.772605
vn 0.616834 -0.160997 -0.770451
vn 0.595976 -0.162604 -0.786367
vn 0.596446 -0.163677 -0.785788
vn -0.284722 -0.853931 0.435585
vn -0.080979 -0.986309 0.143659
vn -0.081012 -0.983517 0.161652
vn -0.341902 -0.839277 0.422748
vn -0.341701 -0.827303 0.445882
vn -0.116711 -0.983009 0.141672
vn -0.118145 -0.980842 0.154887
vn 0.353269 -0.844349 -0.402834
vn 0.353725 -0.840556 -0.410297
vn 0.375801 -0.837792 -0.396079
vn 0.377871 -0.830298 -0.409657
vn 0.124863 -0.984022 -0.126923
vn 0.124557 -0.984711 -0.121776
vn 0.118011 -0.985053 -0.125474
vn 0.118251 -0.984839 -0.126921
vn 0.405177 -0.827738 -0.388177
vn 0.446605 -0.803585 -0.393441
vn 0.440490 -0.815723 -0.374919
vn 0.124081 -0.983710 -0.130071
vn 0.127969 -0.981807 -0.140279
vn 0.409244 -0.817572 -0.405087
vn 0.119807 -0.983717 -0.133963
vn 0.117952 -0.984847 -0.127136
vn -0.454985 -0.797358 0.396495
vn -0.451408 -0.809537 0.375341
vn -0.398999 -0.812118 0.425752
vn -0.397220 -0.824222 0.403577
vn -0.177906 -0.975741 0.127588
vn -0.175437 -0.977163 0.119894
vn -0.149964 -0.978232 0.143433
vn -0.147841 -0.979963 0.133472
vn 0.572740 -0.493548 -0.654506
vn 0.571194 -0.482618 -0.663941
vn 0.651477 -0.154403 -0.742790
vn 0.649784 -0.149371 -0.745298
vn 0.610282 -0.477503 -0.632097
vn 0.609180 -0.464826 -0.642523
vn 0.689163 -0.147336 -0.709469
vn 0.687538 -0.142073 -0.712114
vn 0.565511 0.497221 -0.658003
vn 0.575505 0.484742 -0.658649
vn 0.602552 0.481353 -0.636577
vn 0.613719 0.467157 -0.636485
vn 0.648765 0.158191 -0.744365
vn 0.651460 0.153000 -0.743095
vn 0.686443 0.151395 -0.711249
vn 0.689202 0.145901 -0.709728
vn 0.643994 0.464283 -0.608040
vn 0.700726 0.432045 -0.567733
vn 0.689108 0.447333 -0.570109
vn 0.771445 0.138320 -0.621079
vn 0.773940 0.133021 -0.619130
vn 0.655424 0.449509 -0.606927
vn 0.729861 0.139243 -0.669264
vn 0.727248 0.144610 -0.670969
vn 0.696532 -0.428891 -0.575236
vn 0.696529 -0.443366 -0.564158
vn 0.650917 -0.446557 -0.613917
vn 0.651496 -0.460593 -0.602832
vn 0.772521 -0.128406 -0.621871
vn 0.773940 -0.133864 -0.618949
vn 0.728346 -0.135137 -0.671752
vn 0.729841 -0.140394 -0.669046
vn 0.438846 0.816767 -0.374575
vn 0.445024 0.804554 -0.393251
vn 0.403589 0.828770 -0.387628
vn 0.407712 0.818520 -0.404716
vn 0.123411 0.983675 -0.130971
vn 0.127224 0.981803 -0.140983
vn 0.116821 0.984953 -0.127362
vn 0.118915 0.983674 -0.135070
vn 0.351597 0.845136 -0.402648
vn 0.352071 0.841250 -0.410297
vn 0.123150 0.984201 -0.127212
vn 0.122852 0.984871 -0.122216
vn 0.374178 0.838547 -0.396018
vn 0.376204 0.831258 -0.409245
vn 0.116689 0.985181 -0.125703
vn 0.116950 0.984949 -0.127269
vn -0.284402 0.842127 0.458189
vn -0.286729 0.853182 0.435738
vn -0.343188 0.826689 0.445878
vn -0.343404 0.838566 0.422943
vn -0.082600 0.983513 0.160871
vn -0.082571 0.986263 0.143061
vn -0.119291 0.980798 0.154286
vn -0.117868 0.982945 0.141163
vn -0.456690 0.796359 0.396544
vn -0.453141 0.808512 0.375463
vn -0.179181 0.975587 0.126980
vn -0.176878 0.976914 0.119801
vn -0.400481 0.811275 0.425966
vn -0.398709 0.823446 0.403692
vn -0.151396 0.978028 0.143320
vn -0.149154 0.979856 0.132794
vn 0.473842 -0.803137 -0.361171
vn 0.494424 -0.790278 -0.361948
vn 0.518075 -0.790587 -0.326450
vn 0.539868 -0.776620 -0.324659
vn 0.144139 -0.979974 -0.137386
vn 0.131837 -0.981927 -0.135791
vn 0.161474 -0.977944 -0.132486
vn 0.147610 -0.980174 -0.132176
vn 0.565259 -0.777888 -0.274541
vn 0.066857 0.397488 0.915169
vn 0.069278 0.399727 0.914013
vn 0.059056 0.119187 0.991114
vn 0.058397 0.118591 0.991225
vn 0.128229 0.401526 0.906827
vn 0.135156 0.409103 0.902423
vn 0.125802 0.120063 0.984763
vn 0.128492 0.122904 0.984065
vn 0.058580 -0.118922 0.991174
vn 0.069857 -0.397228 0.915057
vn 0.067536 -0.399382 0.914293
vn 0.135780 -0.401112 0.905910
vn 0.128714 -0.408384 0.903690
vn 0.059227 -0.118336 0.991206
vn 0.128594 -0.119522 0.984468
vn 0.125994 -0.122223 0.984473
vn 0.219672 -0.410114 0.885184
vn 0.323528 -0.428777 0.843493
vn 0.331851 -0.420291 0.844530
vn 0.348245 -0.126339 0.928851
vn 0.345642 -0.129312 0.929414
vn 0.210646 -0.419579 0.882939
vn 0.218002 -0.126101 0.967767
vn 0.220938 -0.122841 0.967521
vn 0.210636 0.410849 0.887038
vn 0.330095 0.430269 0.840182
vn 0.324002 0.421734 0.846855
vn 0.218585 0.420735 0.880456
vn 0.347903 0.131030 0.928329
vn 0.345530 0.128077 0.929626
vn 0.220741 0.127229 0.966999
vn 0.217896 0.123921 0.968073
vn 0.089126 -0.780345 0.618965
vn 0.092888 -0.777529 0.621949
vn 0.106325 -0.977325 0.183117
vn 0.110095 -0.976174 0.186985
vn 0.135088 -0.780413 0.610497
vn 0.124815 -0.788302 0.602496
vn 0.111695 -0.976928 0.182031
vn 0.104002 -0.979124 0.174643
vn 0.113341 -0.958178 -0.262771
vn 0.111714 -0.751074 -0.650698
vn 0.110484 -0.750434 -0.651646
vn 0.013037 -0.764218 -0.644826
vn 0.018227 -0.766986 -0.641405
vn 0.116509 -0.958656 -0.259624
vn 0.068727 -0.964249 -0.255931
vn 0.067764 -0.964088 -0.256791
vn -0.079986 -0.776819 -0.624623
vn -0.166030 -0.793501 -0.585483
vn -0.175990 -0.788685 -0.589070
vn -0.023323 -0.972441 -0.231981
vn -0.022980 -0.972493 -0.231796
vn -0.069876 -0.782005 -0.619343
vn 0.024121 -0.968714 -0.247003
vn 0.024208 -0.968728 -0.246939
vn 0.236892 -0.804779 0.544255
vn 0.250147 -0.796215 0.550879
vn 0.172164 -0.797670 0.577998
vn 0.185628 -0.787986 0.587044
vn 0.112861 -0.981839 0.152497
vn 0.122221 -0.979828 0.158113
vn 0.106035 -0.980790 0.163728
vn 0.115746 -0.978356 0.171530
vn 0.098741 -0.393143 -0.914160
vn 0.567814 -0.302779 -0.765449
vn 0.571657 -0.303851 -0.762157
vn 0.566767 -0.091432 -0.818789
vn 0.565704 -0.090896 -0.819584
vn 0.481777 -0.333084 -0.810522
vn 0.480937 -0.332712 -0.811173
vn 0.487753 -0.099499 -0.867293
vn 0.487358 -0.099253 -0.867543
vn 0.565380 0.093690 -0.819492
vn 0.571039 0.303324 -0.762830
vn 0.566952 0.307316 -0.764279
vn 0.480160 0.335073 -0.810662
vn 0.481095 0.334163 -0.810483
vn 0.566677 0.092750 -0.818703
vn 0.487252 0.101355 -0.867359
vn 0.487433 0.101212 -0.867275
vn 0.375039 0.361102 -0.853786
vn 0.255927 0.374096 -0.891377
vn 0.249197 0.380481 -0.890581
vn 0.259734 0.114990 -0.958809
vn 0.261972 0.113101 -0.958425
vn 0.380526 0.355847 -0.853565
vn 0.390226 0.107389 -0.914435
vn 0.388239 0.109042 -0.915085
vn 0.381135 -0.358541 -0.852165
vn 0.249886 -0.374225 -0.893036
vn 0.256380 -0.378533 -0.889372
vn 0.375998 -0.355597 -0.855673
vn 0.259819 -0.112044 -0.959135
vn 0.262214 -0.113835 -0.958272
vn 0.388514 -0.105974 -0.915329
vn 0.390415 -0.107308 -0.914364
vn 0.225661 0.733387 -0.641265
vn 0.217786 0.729829 -0.648011
vn 0.334475 0.704713 -0.625705
vn 0.328865 0.702911 -0.630685
vn 0.172576 0.949591 -0.261713
vn 0.169074 0.949256 -0.265192
vn 0.251343 0.930591 -0.266134
vn 0.249264 0.930607 -0.268026
vn 0.551886 0.599792 -0.579372
vn 0.555958 0.599527 -0.575741
vn 0.492010 0.823856 -0.281401
vn 0.492965 0.823519 -0.280718
vn 0.441877 0.661130 -0.606343
vn 0.441494 0.661076 -0.606681
vn 0.356916 0.892863 -0.274603
vn 0.358290 0.892648 -0.273510
vn 0.365445 0.922303 0.125722
vn 0.149670 0.791386 0.592712
vn 0.157517 0.788271 0.594825
vn 0.071016 0.791928 0.606471
vn 0.078834 0.788681 0.609728
vn 0.361778 0.923973 0.124061
vn 0.233361 0.959665 0.156798
vn 0.228724 0.961236 0.153984
vn 0.112359 0.976440 0.184231
vn 0.062352 0.777292 0.626042
vn 0.054718 0.782055 0.620803
vn 0.114400 0.975837 0.186155
vn 0.054382 0.782045 0.620844
vn 0.043165 0.787682 0.614568
vn 0.153202 0.972137 0.177422
vn 0.147658 0.973781 0.173056
vn 0.099276 -0.393529 -0.913936
vn 0.092172 -0.119054 -0.988600
vn 0.092401 -0.119233 -0.988557
vn -0.039294 -0.404607 -0.913646
vn -0.032729 -0.409526 -0.911711
vn -0.058529 -0.123295 -0.990643
vn -0.056097 -0.125265 -0.990536
vn 0.097986 0.393916 -0.913908
vn 0.098436 0.393479 -0.914048
vn -0.034115 0.404077 -0.914089
vn -0.039781 0.409843 -0.911288
vn 0.092136 0.119486 -0.988551
vn 0.091954 0.119642 -0.988550
vn -0.056482 0.123017 -0.990796
vn -0.058737 0.125026 -0.990413
vn -0.160971 0.415932 -0.895036
vn -0.301545 0.435349 -0.848258
vn -0.294422 0.427521 -0.854717
vn -0.341017 0.130457 -0.930961
vn -0.344285 0.133499 -0.929325
vn -0.169066 0.424543 -0.889483
vn -0.200143 0.129947 -0.971111
vn -0.196660 0.126756 -0.972244
vn -0.291930 -0.436263 -0.851147
vn -0.302031 -0.428773 -0.851429
vn -0.158812 -0.424734 -0.891280
vn -0.169308 -0.416841 -0.893072
vn -0.340435 -0.135131 -0.930507
vn -0.344109 -0.132068 -0.929595
vn -0.196184 -0.130809 -0.971803
vn -0.199892 -0.127740 -0.971455
vn -0.177294 0.788405 -0.589054
vn -0.167606 0.793119 -0.585552
vn -0.081341 0.776898 -0.624350
vn -0.071378 0.782039 -0.619129
vn -0.024947 0.972517 -0.231492
vn -0.024442 0.972594 -0.231220
vn 0.022327 0.968812 -0.246789
vn 0.022687 0.968871 -0.246525
vn 0.110199 0.751505 -0.650458
vn 0.109021 0.750889 -0.651368
vn 0.114617 0.958902 -0.259556
vn 0.111738 0.958463 -0.262419
vn 0.011520 0.764394 -0.644647
vn 0.017022 0.767346 -0.641007
vn 0.067173 0.964442 -0.255614
vn 0.066035 0.964251 -0.256631
vn 0.087691 0.780465 0.619019
vn 0.091431 0.777681 0.621975
vn 0.123454 0.788511 0.602502
vn 0.133730 0.780661 0.610478
vn 0.104494 0.977527 0.183092
vn 0.108449 0.976327 0.187146
vn 0.102291 0.979302 0.174653
vn 0.109940 0.977135 0.181989
vn 0.235639 0.805331 0.543982
vn 0.248760 0.796902 0.550514
vn 0.111456 0.981923 0.152986
vn 0.120683 0.979954 0.158513
vn 0.170972 0.798133 0.577713
vn 0.184619 0.788367 0.586851
vn 0.104867 0.980868 0.164013
vn 0.114187 0.978546 0.171491
vn 0.480087 0.426692 0.766454
vn 0.482354 0.430453 0.762919
vn 0.521637 0.130248 0.843167
vn 0.522631 0.131599 0.842341
vn 0.625616 0.419109 0.657991
vn 0.625790 0.419512 0.657568
vn 0.681737 0.127815 0.720346
vn 0.681779 0.127884 0.720294
vn 0.484284 -0.424378 0.765096
vn 0.480062 -0.428604 0.765401
vn 0.627032 -0.416476 0.658315
vn 0.626592 -0.416946 0.658437
vn 0.522902 -0.127678 0.842776
vn 0.521834 -0.128947 0.843245
vn 0.682163 -0.124319 0.720555
vn 0.682180 -0.124296 0.720542
vn 0.746402 -0.398881 0.532708
vn 0.835512 -0.375810 0.400857
vn 0.834535 -0.377225 0.401563
vn 0.895798 -0.110110 0.430606
vn 0.896102 -0.109439 0.430144
vn 0.747959 -0.396986 0.531939
vn 0.808919 -0.117087 0.576143
vn 0.808609 -0.117604 0.576473
vn 0.745899 0.401861 0.531170
vn 0.833428 0.379554 0.401667
vn 0.833478 0.380931 0.400257
vn 0.745591 0.400523 0.532611
vn 0.895374 0.113876 0.430510
vn 0.895561 0.114553 0.429940
vn 0.808078 0.121140 0.576485
vn 0.808387 0.121839 0.575905
vn 0.588290 -0.758372 0.280689
vn 0.588874 -0.757156 0.282740
vn 0.512733 -0.778653 0.361669
vn 0.512917 -0.777454 0.363981
vn 0.196295 -0.976446 0.089567
vn 0.196239 -0.976471 0.089412
vn 0.169842 -0.979034 0.112458
vn 0.169863 -0.979012 0.112612
vn 0.332187 -0.800040 0.499587
vn 0.334114 -0.803603 0.492534
vn 0.128760 -0.980948 0.145471
vn 0.129953 -0.981660 0.139481
vn 0.424842 -0.793587 0.435579
vn 0.424980 -0.794232 0.434268
vn 0.146786 -0.980562 0.130202
vn 0.146881 -0.980813 0.128189
vn -0.285299 -0.795125 -0.535145
vn -0.286329 -0.796433 -0.532645
vn -0.398007 -0.789846 -0.466619
vn -0.397285 -0.788625 -0.469293
vn -0.080689 -0.974650 -0.208677
vn -0.081022 -0.974907 -0.207343
vn -0.135170 -0.974024 -0.181677
vn -0.135449 -0.974452 -0.179157
vn -0.222854 -0.967684 -0.117998
vn -0.584879 -0.751177 -0.306023
vn -0.584647 -0.753377 -0.301017
vn -0.223560 -0.967183 -0.120738
vn -0.499149 -0.772026 -0.393479
vn -0.499867 -0.774626 -0.387411
vn -0.183942 -0.971098 -0.152098
vn -0.183743 -0.971691 -0.148511
vn -0.451645 -0.435093 -0.778916
vn -0.447459 -0.438210 -0.779585
vn -0.503958 -0.134721 -0.853157
vn -0.502672 -0.135807 -0.853743
vn -0.592360 -0.429878 -0.681406
vn -0.594342 -0.428298 -0.680675
vn -0.652648 -0.132934 -0.745908
vn -0.653179 -0.132451 -0.745529
vn -0.449541 0.433415 -0.781066
vn -0.452114 0.436323 -0.777956
vn -0.595158 0.427211 -0.680645
vn -0.594122 0.425902 -0.682369
vn -0.503212 0.132276 -0.853979
vn -0.504224 0.133230 -0.853234
vn -0.653602 0.129584 -0.745662
vn -0.653132 0.129107 -0.746157
vn -0.720755 0.410176 -0.558809
vn -0.886150 -0.369324 -0.279890
vn -0.885301 -0.370467 -0.281063
vn -0.948101 -0.112389 -0.297444
vn -0.948240 -0.112136 -0.297098
vn -0.930360 -0.350410 -0.107902
vn -0.924466 -0.361686 -0.120609
vn -0.988730 -0.105356 -0.106367
vn -0.987693 -0.109267 -0.111910
vn -0.948784 0.107519 -0.297066
vn -0.887277 0.365323 -0.281566
vn -0.887402 0.366395 -0.279771
vn -0.929681 0.348052 -0.120638
vn -0.928079 0.356557 -0.107406
vn -0.948691 0.107279 -0.297449
vn -0.988627 0.100537 -0.111839
vn -0.988877 0.104042 -0.106291
vn -0.938571 0.342687 0.040627
vn -0.904467 0.372966 0.206969
vn -0.918044 0.351173 0.184046
vn -0.968634 0.101403 0.226859
vn -0.965433 0.109532 0.236522
vn -0.930863 0.359834 0.063354
vn -0.991202 0.105024 0.080555
vn -0.992589 0.098465 0.071212
vn -0.936739 -0.344179 0.063720
vn -0.908033 -0.377650 0.181265
vn -0.912028 -0.352818 0.209103
vn -0.930122 -0.365113 0.039566
vn -0.967267 -0.114815 0.226299
vn -0.965787 -0.106167 0.236609
vn -0.991355 -0.110406 0.070887
vn -0.991391 -0.103207 0.080571
vn -0.648622 0.731420 -0.210508
vn -0.648893 0.730841 -0.211682
vn -0.251683 0.963624 -0.089911
vn -0.251276 0.963805 -0.089109
vn -0.691335 0.714359 -0.108381
vn -0.685572 0.721626 -0.096160
vn -0.270698 0.961007 -0.056470
vn -0.268491 0.961776 -0.053851
vn 0.218891 0.974017 0.058115
vn 0.642353 0.740772 0.196567
vn 0.641327 0.742182 0.194591
vn 0.677575 0.727486 0.107966
vn 0.670774 0.734977 0.099352
vn 0.220560 0.973482 0.060714
vn 0.237367 0.971080 0.025686
vn 0.231611 0.972604 0.019939
vn 0.688861 0.724784 0.012584
vn 0.652155 0.751236 -0.101678
vn 0.675258 0.732364 -0.087577
vn 0.230845 0.971430 -0.055088
vn 0.213086 0.975013 -0.062807
vn 0.674166 0.738579 -0.000369
vn 0.228732 0.973232 -0.022372
vn 0.241820 0.970225 -0.013642
vn -0.663565 0.738638 0.118722
vn -0.688323 0.718602 0.099107
vn -0.688310 0.725160 0.019272
vn -0.704450 0.709753 -0.001061
vn -0.262805 0.964737 0.014674
vn -0.272819 0.962015 0.009828
vn -0.270832 0.962468 -0.017457
vn -0.278019 0.960302 -0.022933
vn -0.818105 0.384845 -0.427317
vn -0.819142 0.387520 -0.422888
vn -0.880237 0.114310 -0.460561
vn -0.880860 0.115292 -0.459122
vn -0.718896 0.407190 -0.563370
vn -0.780993 0.122215 -0.612466
vn -0.781949 0.123355 -0.611014
vn -0.818480 -0.388326 -0.423431
vn -0.815000 -0.392071 -0.426679
vn -0.720396 -0.410135 -0.559302
vn -0.716307 -0.413831 -0.561826
vn -0.880241 -0.118790 -0.459418
vn -0.879588 -0.119642 -0.460446
vn -0.781770 -0.125954 -0.610714
vn -0.780350 -0.127440 -0.612219
vn -0.286932 0.794370 -0.535393
vn -0.288128 0.795879 -0.532502
vn -0.082353 0.974897 -0.206865
vn -0.082066 0.974677 -0.208012
vn -0.399592 0.788942 -0.466794
vn -0.398891 0.787760 -0.469382
vn -0.136879 0.974376 -0.178482
vn -0.136566 0.973898 -0.181306
vn 0.330605 0.800866 0.499314
vn 0.332502 0.804390 0.492341
vn 0.423342 0.794614 0.435166
vn 0.423442 0.795086 0.434206
vn 0.127230 0.981069 0.146002
vn 0.128459 0.981808 0.139826
vn 0.145265 0.980741 0.130555
vn 0.145355 0.980982 0.128630
vn 0.586845 0.758923 0.282221
vn 0.586431 0.759780 0.280772
vn 0.195314 0.976580 0.090243
vn 0.195157 0.976652 0.089809
vn 0.511338 0.778542 0.363875
vn 0.511147 0.779775 0.361496
vn 0.168502 0.979194 0.113076
vn 0.168462 0.979235 0.112780
vn -0.586934 0.749649 -0.305834
vn -0.586709 0.751814 -0.300912
vn -0.501012 0.770833 -0.393452
vn -0.501723 0.773386 -0.387490
vn -0.225006 0.966939 -0.120008
vn -0.224349 0.967404 -0.117457
vn -0.185399 0.970905 -0.151558
vn -0.185209 0.971470 -0.148133
vn 0.889686 0.362666 0.277368
vn 0.889545 0.363825 0.276297
vn 0.948615 0.108342 0.297307
vn 0.948727 0.109161 0.296649
vn 0.922889 0.351237 0.157825
vn 0.921399 0.357330 0.152772
vn 0.979744 0.105078 0.170468
vn 0.979797 0.107225 0.168824
vn 0.891462 -0.358639 0.276900
vn 0.890604 -0.360133 0.277722
vn 0.925362 -0.346663 0.153394
vn 0.922044 -0.353585 0.157521
vn 0.949233 -0.103633 0.297012
vn 0.949072 -0.104128 0.297356
vn 0.980559 -0.099799 0.168949
vn 0.980067 -0.102002 0.170482
vn 0.938558 -0.344127 0.026176
vn 0.924905 -0.367807 -0.096279
vn 0.930146 -0.351011 -0.107798
vn 0.989797 -0.101455 -0.100046
vn 0.989606 -0.106715 -0.096392
vn 0.933657 -0.356538 0.034144
vn 0.993820 -0.103052 0.041252
vn 0.994336 -0.099077 0.038481
vn 0.921927 0.372221 -0.107253
vn 0.929376 0.356249 -0.096678
vn 0.932224 0.360965 0.025733
vn 0.936486 0.348989 0.034654
vn 0.988678 0.111823 -0.100062
vn 0.989627 0.106521 -0.096394
vn 0.993394 0.108059 0.038633
vn 0.993671 0.104480 0.041246
vn 0.677135 -0.730590 -0.087896
vn 0.654208 -0.749420 -0.101885
vn 0.690761 -0.722972 0.012671
vn 0.676052 -0.736854 -0.000299
vn 0.231054 -0.971379 -0.055113
vn 0.213272 -0.974970 -0.062833
vn 0.242203 -0.970128 -0.013796
vn 0.228955 -0.973174 -0.022626
vn 0.644593 -0.738731 0.196918
vn 0.643323 -0.740485 0.194467
vn 0.221298 -0.973351 0.060119
vn 0.219769 -0.973842 0.057739
vn 0.679522 -0.725662 0.107997
vn 0.672688 -0.733228 0.099332
vn 0.238228 -0.970878 0.025358
vn 0.232138 -0.972492 0.019280
vn -0.646526 -0.733283 -0.210476
vn -0.646838 -0.732618 -0.211828
vn -0.683549 -0.723464 -0.096754
vn -0.689127 -0.716461 -0.108573
vn -0.250987 -0.963732 -0.090701
vn -0.250270 -0.964050 -0.089292
vn -0.267564 -0.962006 -0.054349
vn -0.270003 -0.961156 -0.057246
vn -0.661550 -0.740482 0.118482
vn -0.686274 -0.720590 0.098880
vn -0.262055 -0.964939 0.014811
vn -0.272454 -0.962119 0.009771
vn -0.686233 -0.727137 0.018865
vn -0.702468 -0.711713 -0.001588
vn -0.270428 -0.962571 -0.018055
vn -0.277160 -0.960544 -0.023190
vn 0.638498 -0.745466 -0.191312
vn 0.612795 -0.764147 -0.201400
vn 0.208613 -0.973408 -0.094647
vn 0.190435 -0.976680 -0.099145
vn 0.589264 -0.761772 -0.269205
vn 0.183851 -0.975685 -0.119321
vn 0.167145 -0.978479 -0.121003
vn -0.650198 -0.737522 0.182491
vn -0.624807 -0.756056 0.194926
vn -0.607369 -0.754972 0.247226
vn -0.585178 -0.770206 0.253672
vn -0.249874 -0.967432 0.040478
vn -0.258968 -0.965139 0.037965
vn -0.234268 -0.970105 0.063367
vn -0.243162 -0.967984 0.062282
vn -0.496829 -0.795980 0.345798
vn -0.515919 -0.783876 0.345494
vn -0.197640 -0.974728 0.104137
vn -0.204319 -0.973270 0.104881
vn -0.543460 -0.783110 0.302307
vn -0.563083 -0.770196 0.299557
vn -0.217723 -0.972383 0.084066
vn -0.224474 -0.970845 0.084088
vn -0.731820 -0.421989 0.535131
vn -0.719141 -0.437040 0.540215
vn -0.786162 -0.406452 0.465560
vn -0.773327 -0.422340 0.472857
vn -0.789491 -0.130260 0.599780
vn -0.786036 -0.136047 0.603025
vn -0.843196 -0.125003 0.522872
vn -0.840010 -0.130662 0.526604
vn -0.878510 -0.372152 0.299538
vn -0.863634 -0.392812 0.315967
vn -0.931061 -0.112477 0.347094
vn -0.927409 -0.120022 0.354270
vn -0.834287 -0.390201 0.389497
vn -0.820733 -0.407775 0.400146
vn -0.889648 -0.118745 0.440937
vn -0.885929 -0.125774 0.446443
vn -0.873581 0.366784 0.319884
vn -0.872202 0.389001 0.296550
vn -0.829300 0.385481 0.404556
vn -0.829319 0.403954 0.386071
vn -0.930839 0.115049 0.346846
vn -0.928793 0.107303 0.354724
vn -0.889477 0.120920 0.440692
vn -0.887247 0.113819 0.447032
vn -0.728022 0.433322 0.531241
vn -0.726313 0.418360 0.545384
vn -0.789475 0.131486 0.599534
vn -0.787197 0.125732 0.603748
vn -0.781916 0.418527 0.461999
vn -0.781015 0.402396 0.477590
vn -0.843181 0.125859 0.522690
vn -0.841223 0.120327 0.527130
vn 0.472164 0.804198 -0.361007
vn 0.492512 0.791561 -0.361751
vn 0.131070 0.981929 -0.136517
vn 0.143503 0.979964 -0.138123
vn 0.516103 0.791954 -0.326261
vn 0.538428 0.777724 -0.324409
vn 0.147030 0.980173 -0.132825
vn 0.160925 0.977946 -0.133130
vn -0.498560 0.794835 0.345942
vn -0.517587 0.782698 0.345669
vn -0.545184 0.781838 0.302496
vn -0.564757 0.768883 0.299782
vn -0.198832 0.974537 0.103652
vn -0.205383 0.973099 0.104386
vn -0.218759 0.972188 0.083635
vn -0.225406 0.970666 0.083661
vn -0.652127 0.735690 0.183003
vn -0.626702 0.754353 0.195435
vn -0.259761 0.964945 0.037496
vn -0.249889 0.967439 0.040215
vn -0.609396 0.753336 0.247226
vn -0.586991 0.768815 0.253703
vn -0.243294 0.967993 0.061621
vn -0.235378 0.969887 0.062580
vn 0.636451 0.747223 -0.191281
vn 0.611225 0.765455 -0.201201
vn 0.587661 0.763001 -0.269228
vn 0.563614 0.779061 -0.274596
vn 0.208379 0.973426 -0.094970
vn 0.189609 0.976792 -0.099627
vn 0.183013 0.975777 -0.119857
vn 0.166657 0.978499 -0.121514
vn 0.743437 0.416647 -0.523169
vn 0.742806 0.430423 -0.512812
vn 0.795051 0.401284 -0.454825
vn 0.793671 0.416068 -0.443818
vn 0.818797 0.127440 -0.559758
vn 0.819934 0.132440 -0.556928
vn 0.868762 0.121948 -0.479980
vn 0.869760 0.127219 -0.476794
vn 0.895058 0.369198 -0.250127
vn 0.891117 0.386665 -0.237488
vn 0.961397 0.111008 -0.251781
vn 0.961744 0.116937 -0.247739
vn 0.847424 0.385171 -0.365397
vn 0.844911 0.401733 -0.353180
vn 0.918289 0.116568 -0.378362
vn 0.919030 0.122063 -0.374812
vn 0.889736 -0.382690 -0.248834
vn 0.899564 -0.365529 -0.239111
vn 0.842375 -0.397959 -0.363363
vn 0.853079 -0.381595 -0.355867
vn 0.961382 -0.111646 -0.251556
vn 0.962932 -0.106104 -0.248001
vn 0.918285 -0.116899 -0.378269
vn 0.920211 -0.111524 -0.375198
vn 0.739478 -0.427302 -0.520179
vn 0.749768 -0.413315 -0.516738
vn 0.818859 -0.127579 -0.559637
vn 0.821021 -0.122711 -0.557555
vn 0.790579 -0.412659 -0.452434
vn 0.801100 -0.397760 -0.447242
vn 0.868776 -0.122226 -0.479885
vn 0.870900 -0.117059 -0.477316
vn -0.050417 0.406286 0.912354
vn 0.703404 0.623678 -0.340952
vn 0.740393 0.610571 -0.281106
vn 0.875399 0.438913 -0.202564
vn 0.873221 0.440898 -0.207589
vn 0.691213 0.718432 -0.077982
vn 0.713066 0.699457 -0.047929
vn 0.859081 0.511470 -0.019477
vn 0.858908 0.511748 -0.019793
vn 0.906653 0.387356 -0.167139
vn 0.865759 0.279645 -0.415042
vn 0.865806 0.279632 -0.414952
vn 0.904099 0.094167 -0.416818
vn 0.903984 0.094225 -0.417055
vn 0.436716 0.141048 -0.888473
vn 0.433212 0.140974 -0.890199
vn 0.473308 0.049298 -0.879516
vn 0.459819 0.051696 -0.886507
vn 0.904233 -0.091983 -0.417015
vn 0.787592 -0.458937 -0.411188
vn 0.787629 -0.459007 -0.411039
vn 0.682640 -0.607545 -0.406069
vn 0.682619 -0.607474 -0.406211
vn 0.448249 -0.261226 -0.854888
vn 0.455364 -0.268529 -0.848844
vn 0.371817 -0.330915 -0.867322
vn 0.382581 -0.347815 -0.855953
vn 0.557212 -0.726967 -0.401289
vn 0.000000 0.000000 -1.000000
vn 0.000000 -0.000000 -1.000000
vn 0.000000 -0.000000 -1.000000
vn 0.000000 0.000000 -1.000000
vn 0.000000 0.000000 -1.000000
vn 0.000000 -0.000000 -1.000000
vn 0.000000 0.000000 -1.000000
vn 0.000000 -0.000000 -1.000000
vn 0.000000 -0.000000 -1.000000
vn 0.000000 0.000000 -1.000000
vn 0.000000 -0.000000 -1.000000
vn 0.000000 0.000000 -1.000000
vn 0.000000 -0.000000 -1.000000
vn 0.000000 0.000000 -1.000000
vn 0.000000 0.000000 -1.000000
vn 0.000000 -0.000000 -1.000000
vn 0.000000 0.000000 -1.000000
vn 0.000000 -0.000000 -1.000000
vn 0.000000 0.000000 -1.000000
vn 0.000000 0.000000 -1.000000
vn 0.000000 -0.000000 -1.000000
vn 0.000000 -0.000000 -1.000000
vn 0.000000 -0.000000 -1.000000
vn 0.000000 0.000000 -1.000000
vn 0.000000 0.000000 -1.000000
vn 0.000000 -0.000000 -1.000000
vn 0.000000 0.000000 -1.000000
vn 0.000000 -0.000000 -1.000000
vn 0.000000 -0.000000 -1.000000
vn 0.000000 0.000000 -1.000000
vn 0.000000 -0.000000 -1.000000
vn 0.000000 0.000000 -1.000000
vn 0.000000 0.000000 -1.000000
vn 0.000000 0.000000 -1.000000
vn 0.000000 0.000000 -1.000000
vn 0.000000 0.000000 -1.000000
vn 0.000000 0.000000 -1.000000
vn 0.000000 0.000000 -1.000000
vn 0.000000 0.000000 -1.000000
vn 0.000000 0.000000 -1.000000
vn 0.000000 0.000000 -1.000000
vn 0.000000 0.000000 -1.000000
vn 0.000000 0.000000 -1.000000
vn 0.000000 0.000000 -1.000000
vn 0.000000 0.000000 -1.000000
vn 0.000000 0.000000 -1.000000
vn 0.000000 0.000000 -1.000000
vn 0.000000 0.000000 -1.000000
vn 0.000000 0.000000 -1.000000
vn 0.000000 -0.000000 -1.000000
vn 0.000000 -0.000000 -1.000000
vn 0.000000 0.000000 -1.000000
vn 0.000000 0.000000 -1.000000
vn 0.000000 0.000000 -1.000000
vn 0.000000 0.000000 -1.000000
vn 0.000000 0.000000 -1.000000
vn 0.000000 0.000000 -1.000000
vn 0.000000 0.000000 -1.000000
vn 0.000000 0.000000 -1.000000
vn 0.000000 0.000000 -1.000000
vn 0.000000 0.000000 -1.000000
vn 0.000000 0.000000 -1.000000
vn 0.000000 0.000000 -1.000000
vn 0.000000 0.000000 -1.000000
vn 0.000000 0.000000 -1.000000
vn 0.000000 -0.000000 -1.000000
vn 0.000000 0.000000 -1.000000
vn 0.000000 -0.000000 -1.000000
vn 0.000000 -0.000000 -1.000000
vn 0.000000 0.000000 -1.000000
vn 0.000000 -0.000000 -1.000000
vn 0.000000 0.000000 -1.000000
vn 0.000000 0.000000 -1.000000
vn 0.245395 -0.886052 -0.393310
vn 0.245383 -0.886093 -0.393224
vn 0.081937 -0.916612 -0.391292
vn 0.081907 -0.916670 -0.391162
vn 0.128752 -0.464931 -0.875935
vn 0.128717 -0.461365 -0.877824
vn 0.044872 -0.501980 -0.863715
vn 0.047104 -0.488151 -0.871487
vn -0.080046 -0.916835 -0.391159
vn -0.410236 -0.821071 -0.396924
vn -0.410174 -0.821033 -0.397066
vn -0.555624 -0.728281 -0.401109
vn -0.555559 -0.728256 -0.401244
vn -0.239005 -0.478410 -0.844985
vn -0.245809 -0.486088 -0.838628
vn -0.305169 -0.399999 -0.864218
vn -0.320899 -0.411710 -0.852947
vn -0.681250 -0.609059 -0.406136
vn -0.786534 -0.460709 -0.411231
vn -0.786534 -0.460709 -0.411231
vn -0.396937 -0.232504 -0.887909
vn -0.400003 -0.233236 -0.886340
vn -0.681267 -0.609062 -0.406102
vn -0.353926 -0.316421 -0.880121
vn -0.365908 -0.322034 -0.873158
vn -0.087751 -0.051166 -0.994828
vn 0.000000 -0.000000 -1.000000
vn 0.000000 0.000000 -1.000000
vn 0.000000 0.000000 -1.000000
vn 0.000000 0.000000 -1.000000
vn -0.089436 -0.051369 -0.994667
vn -0.087519 -0.073333 -0.993460
vn -0.080863 -0.071167 -0.994181
vn -0.064188 -0.126932 -0.989832
vn 0.000000 0.000000 -1.000000
vn 0.000000 0.000000 -1.000000
vn -0.070011 -0.132809 -0.988666
vn 0.000000 0.000000 -1.000000
vn 0.000000 0.000000 -1.000000
vn -0.086189 -0.102851 -0.990956
vn -0.074997 -0.096220 -0.992531
vn -0.243467 -0.886476 -0.393553
vn -0.243496 -0.886503 -0.393475
vn -0.145320 -0.529071 -0.836042
vn -0.140211 -0.520060 -0.842543
vn -0.079955 -0.916714 -0.391463
vn -0.046397 -0.531425 -0.845834
vn -0.039602 -0.511605 -0.858308
vn 0.000000 -0.000000 -1.000000
vn 0.000000 0.000000 -1.000000
vn 0.000000 0.000000 -1.000000
vn 0.000000 0.000000 -1.000000
vn -0.034941 -0.138759 -0.989710
vn -0.039468 -0.146394 -0.988439
vn -0.005476 -0.124097 -0.992255
vn -0.010721 -0.138496 -0.990305
vn 0.029221 -0.104737 -0.994071
vn 0.000000 0.000000 -1.000000
vn 0.000000 0.000000 -1.000000
vn 0.029338 -0.102801 -0.994269
vn 0.000000 0.000000 -1.000000
vn 0.000000 0.000000 -1.000000
vn 0.013206 -0.111062 -0.993726
vn 0.011514 -0.119319 -0.992789
vn 0.000000 -0.000000 -1.000000
vn 0.000000 0.000000 -1.000000
vn 0.000000 -0.000000 -1.000000
vn 0.000000 0.000000 -1.000000
vn 0.000000 -0.000000 -1.000000
vn 0.000000 -0.000000 -1.000000
vn 0.000000 0.000000 -1.000000
vn 0.000000 0.000000 -1.000000
vn 0.000000 -0.000000 -1.000000
vn 0.000000 0.000000 -1.000000
vn 0.000000 -0.000000 -1.000000
vn 0.000000 0.000000 -1.000000
vn 0.000000 -0.000000 -1.000000
vn 0.000000 0.000000 -1.000000
vn 0.000000 -0.000000 -1.000000
vn 0.000000 0.000000 -1.000000
vn 0.000000 -0.000000 -1.000000
vn 0.000000 0.000000 -1.000000
vn 0.000000 -0.000000 -1.000000
vn 0.000000 0.000000 -1.000000
vn 0.000000 -0.000000 -1.000000
vn 0.000000 0.000000 -1.000000
vn 0.000000 -0.000000 -1.000000
vn -0.861672 -0.504721 -0.052697
vn -0.861641 -0.504761 -0.052825
vn -0.744500 -0.665593 -0.052013
vn -0.744539 -0.665560 -0.051881
vn -0.860326 -0.503991 0.076369
vn -0.860317 -0.504014 0.076322
vn -0.743425 -0.664563 0.075336
vn -0.743389 -0.664617 0.075209
vn -0.446383 -0.893419 -0.050445
vn -0.446313 -0.893443 -0.050641
vn -0.445687 -0.892190 0.073213
vn -0.445692 -0.892187 0.073225
vn -0.605726 -0.794017 -0.051309
vn -0.605744 -0.794007 -0.051254
vn -0.604872 -0.792863 0.074148
vn -0.604914 -0.792820 0.074267
vn -0.443809 -0.888417 0.117256
vn -0.443619 -0.887940 0.121511
vn -0.443614 -0.887944 0.121500
vn -0.601910 -0.789031 0.123026
vn -0.601927 -0.789011 0.123066
vn -0.443838 -0.888394 0.117319
vn -0.602234 -0.789456 0.118633
vn -0.602294 -0.789387 0.118784
vn -0.856363 -0.501697 0.122240
vn -0.855854 -0.501479 0.126617
vn -0.855901 -0.501348 0.126819
vn -0.856385 -0.501632 0.122350
vn -0.739750 -0.661176 0.124965
vn -0.739700 -0.661258 0.124824
vn -0.740104 -0.661619 0.120446
vn -0.740080 -0.661659 0.120370
vn 0.411937 -0.820292 -0.396773
vn 0.411950 -0.820146 -0.397062
vn 0.213287 -0.424631 -0.879885
vn 0.213997 -0.428223 -0.877969
vn 0.557214 -0.726986 -0.401253
vn 0.292174 -0.381185 -0.877116
vn 0.297170 -0.393777 -0.869845
vn 0.000000 0.000000 -1.000000
vn 0.000000 0.000000 -1.000000
vn 0.000000 0.000000 -1.000000
vn 0.000000 0.000000 -1.000000
vn 0.047528 -0.096551 -0.994193
vn 0.047342 -0.094734 -0.994376
vn 0.067892 -0.094492 -0.993208
vn 0.065891 -0.087312 -0.993999
vn 0.117617 -0.069359 -0.990634
vn 0.000000 -0.000000 -1.000000
vn 0.000000 0.000000 -1.000000
vn 0.123134 -0.075730 -0.989496
vn 0.000000 0.000000 -1.000000
vn 0.000000 0.000000 -1.000000
vn 0.095244 -0.093094 -0.991091
vn 0.089110 -0.081012 -0.992722
vn 0.000000 0.000000 -1.000000
vn 0.000000 0.000000 -1.000000
vn 0.000000 0.000000 -1.000000
vn 0.000000 0.000000 -1.000000
vn 0.000000 0.000000 -1.000000
vn 0.000000 0.000000 -1.000000
vn 0.000000 0.000000 -1.000000
vn 0.000000 0.000000 -1.000000
vn 0.000000 0.000000 -1.000000
vn 0.000000 0.000000 -1.000000
vn 0.000000 0.000000 -1.000000
vn 0.000000 0.000000 -1.000000
vn 0.000000 0.000000 -1.000000
vn 0.000000 0.000000 -1.000000
vn 0.000000 0.000000 -1.000000
vn 0.000000 0.000000 -1.000000
vn 0.000000 0.000000 -1.000000
vn 0.000000 0.000000 -1.000000
vn 0.000000 0.000000 -1.000000
vn 0.000000 0.000000 -1.000000
vn 0.000000 0.000000 -1.000000
vn 0.000000 0.000000 -1.000000
vn 0.000000 0.000000 -1.000000
vn 0.000000 0.000000 -1.000000
vn 0.000000 0.000000 -1.000000
vn 0.000000 0.000000 -1.000000
vn 0.000000 0.000000 -1.000000
vn 0.000000 0.000000 -1.000000
vn 0.000000 0.000000 -1.000000
vn 0.000000 0.000000 -1.000000
vn 0.000000 0.000000 -1.000000
vn 0.000000 0.000000 -1.000000
vn 0.448197 -0.892498 -0.050659
vn 0.448198 -0.892497 -0.050663
vn 0.607534 -0.792637 -0.051273
vn 0.607543 -0.792628 -0.051306
vn 0.447566 -0.891238 0.073341
vn 0.447630 -0.891217 0.073207
vn 0.606767 -0.791615 0.071964
vn 0.605748 -0.792183 0.074269
vn 0.862806 -0.502765 -0.052845
vn 0.862819 -0.502736 -0.052925
vn 0.862693 -0.502662 0.055608
vn 0.860454 -0.505633 0.062884
vn 0.746013 -0.663890 -0.052102
vn 0.745994 -0.663919 -0.052010
vn 0.745471 -0.663454 0.064054
vn 0.742241 -0.666212 0.072381
vn 0.860077 -0.505376 0.069733
vn 0.827838 -0.554320 0.086101
vn 0.855781 -0.517168 0.013283
vn 0.733147 -0.675008 0.082822
vn 0.716440 -0.688197 0.114454
vn 0.853199 -0.514013 0.088549
vn 0.730877 -0.672988 0.113608
vn 0.741008 -0.665114 0.092367
vn 0.445736 -0.887447 0.117294
vn 0.445490 -0.887004 0.121499
vn 0.445495 -0.887003 0.121492
vn 0.445720 -0.887451 0.117322
vn 0.594756 -0.794436 0.123029
vn 0.601001 -0.791275 0.112612
vn 0.600565 -0.790706 0.118768
vn 0.603502 -0.789259 0.113381
vn 0.866431 -0.277559 -0.415039
vn 0.866493 -0.277633 -0.414861
vn 0.498856 -0.159838 -0.851818
vn 0.490085 -0.154133 -0.857939
vn 0.904384 -0.092103 -0.416660
vn 0.501998 -0.051066 -0.863360
vn 0.482744 -0.043586 -0.874676
vn 0.000000 -0.000000 -1.000000
vn 0.000000 0.000000 -1.000000
vn 0.000000 0.000000 -1.000000
vn 0.000000 0.000000 -1.000000
vn 0.128688 -0.037797 -0.990965
vn 0.135802 -0.042710 -0.989815
vn 0.115064 -0.005922 -0.993340
vn 0.128455 -0.011598 -0.991647
vn 0.000000 0.000000 -1.000000
vn 0.000000 -0.000000 -1.000000
vn 0.095252 0.031707 -0.994948
vn 0.097048 0.031581 -0.994779
vn 0.000000 0.000000 -1.000000
vn 0.000000 -0.000000 -1.000000
vn 0.102925 0.014275 -0.994587
vn 0.110631 0.012438 -0.993784
vn -0.858424 -0.502985 0.100570
vn -0.858466 -0.502883 0.100723
vn -0.741921 -0.663116 0.099150
vn -0.741894 -0.663156 0.099082
vn -0.860254 -0.503931 0.077571
vn -0.860258 -0.503922 0.077584
vn -0.743374 -0.664479 0.076569
vn -0.743316 -0.664559 0.076432
vn -0.444842 -0.890388 0.096569
vn -0.444807 -0.890412 0.096506
vn -0.445651 -0.892103 0.074481
vn -0.445624 -0.892120 0.074436
vn -0.603636 -0.791250 0.097709
vn -0.603648 -0.791238 0.097734
vn -0.604826 -0.792783 0.075374
vn -0.604869 -0.792742 0.075456
vn -0.446173 -0.893219 0.055589
vn -0.446539 -0.893881 0.039752
vn -0.446570 -0.893863 0.039798
vn -0.606049 -0.794408 0.040262
vn -0.606042 -0.794414 0.040251
vn -0.446231 -0.893184 0.055680
vn -0.605580 -0.793793 0.056264
vn -0.605634 -0.793745 0.056361
vn -0.861405 -0.504594 0.058018
vn -0.862109 -0.505026 0.041439
vn -0.862118 -0.505008 0.041464
vn -0.861406 -0.504591 0.058023
vn -0.744908 -0.665916 0.040839
vn -0.744912 -0.665911 0.040847
vn -0.744316 -0.665378 0.057151
vn -0.744282 -0.665422 0.057078
vn 0.446721 -0.889456 0.096481
vn 0.446708 -0.889460 0.096502
vn 0.597436 -0.797943 0.079726
vn 0.586391 -0.804112 0.097721
vn 0.447554 -0.891146 0.074528
vn 0.447583 -0.891135 0.074484
vn 0.588023 -0.806284 0.064295
vn 0.580900 -0.810467 0.075489
vn 0.830629 -0.554657 -0.049099
vn 0.773240 -0.632165 0.049680
vn 0.774775 -0.631884 0.021125
vn 0.756864 -0.651811 0.047959
vn 0.720724 -0.692013 0.040911
vn 0.696432 -0.712691 0.083987
vn 0.698427 -0.714511 0.040909
vn 0.682206 -0.728044 0.067430
vn 0.753045 -0.648891 0.108923
vn 0.826464 -0.557521 0.078279
vn 0.758276 -0.617755 0.208319
vn 0.694211 -0.713600 0.094057
vn 0.718179 -0.693786 0.053662
vn 0.769256 -0.633575 0.082631
vn 0.695712 -0.715367 0.065079
vn 0.681031 -0.726833 0.088945
vn 0.448138 -0.892238 0.055526
vn 0.448415 -0.892936 0.039856
vn 0.448436 -0.892927 0.039827
vn 0.448098 -0.892255 0.055583
vn 0.598015 -0.800469 0.040353
vn 0.587687 -0.807139 0.056124
vn 0.587683 -0.807133 0.056254
vn 0.581293 -0.811006 0.066090
vn -0.943757 -0.304821 0.128092
vn -0.943760 -0.304796 0.128127
vn -0.986331 -0.102795 0.128783
vn -0.986334 -0.102833 0.128728
vn -0.944284 -0.304992 0.123722
vn -0.944289 -0.304954 0.123782
vn -0.986886 -0.102853 0.124409
vn -0.986890 -0.102895 0.124343
vn -0.986580 0.100440 0.128730
vn -0.448200 0.892503 -0.050539
vn -0.448239 0.892477 -0.050662
vn -0.607499 0.792672 -0.051144
vn -0.607534 0.792637 -0.051273
vn -0.447609 0.891224 0.073251
vn -0.447630 0.891217 0.073207
vn -0.606615 0.791519 0.074268
vn -0.606670 0.791488 0.074144
vn -0.746044 0.663862 -0.052009
vn -0.862806 0.502765 -0.052846
vn -0.862783 0.502820 -0.052694
vn -0.861456 0.502047 0.076433
vn -0.861479 0.502019 0.076365
vn -0.746021 0.663897 -0.051902
vn -0.744938 0.662877 0.075240
vn -0.744891 0.662916 0.075359
vn -0.857523 0.499714 0.122235
vn -0.857068 0.499389 0.126665
vn -0.857040 0.499422 0.126727
vn -0.741234 0.659539 0.124820
vn -0.741160 0.659596 0.124956
vn -0.857528 0.499707 0.122221
vn -0.741655 0.659913 0.120259
vn -0.741580 0.659970 0.120410
vn -0.445736 0.887447 0.117294
vn -0.445490 0.887004 0.121500
vn -0.445450 0.887016 0.121561
vn -0.445675 0.887464 0.117399
vn -0.603671 0.787673 0.123094
vn -0.603616 0.787701 0.123186
vn -0.603944 0.788130 0.118755
vn -0.604055 0.788076 0.118554
vn -0.446721 0.889456 0.096481
vn -0.446708 0.889460 0.096502
vn -0.605384 0.789908 0.097751
vn -0.605425 0.789885 0.097684
vn -0.447554 0.891146 0.074528
vn -0.447628 0.891118 0.074417
vn -0.606604 0.791423 0.075375
vn -0.606551 0.791455 0.075459
vn -0.859643 0.500889 0.100619
vn -0.859640 0.500893 0.100624
vn -0.861415 0.501927 0.077673
vn -0.861436 0.501898 0.077625
vn -0.743335 0.661532 0.099140
vn -0.743321 0.661544 0.099166
vn -0.744815 0.662873 0.076482
vn -0.744820 0.662869 0.076474
vn -0.862590 0.502571 0.057977
vn -0.863234 0.503099 0.041462
vn -0.863266 0.503050 0.041390
vn -0.746433 0.664205 0.040856
vn -0.746439 0.664199 0.040846
vn -0.862548 0.502632 0.058073
vn -0.745838 0.663676 0.057094
vn -0.745784 0.663728 0.057192
vn -0.448180 0.892217 0.055526
vn -0.448416 0.892939 0.039794
vn -0.448437 0.892930 0.039765
vn -0.448096 0.892252 0.055648
vn -0.607817 0.793056 0.040258
vn -0.607812 0.793059 0.040266
vn -0.607343 0.792447 0.056234
vn -0.607322 0.792461 0.056267
vn -0.265018 0.956718 0.120236
vn -0.264997 0.956720 0.120269
vn -0.088368 0.988887 0.119553
vn -0.088306 0.988881 0.119648
vn -0.265149 0.957189 0.116124
vn -0.265113 0.957192 0.116183
vn -0.088412 0.989387 0.115310
vn -0.088348 0.989380 0.115419
vn 0.086319 0.989058 0.119642
vn 0.861673 0.504721 -0.052695
vn 0.861641 0.504762 -0.052826
vn 0.744539 0.665560 -0.051879
vn 0.744500 0.665593 -0.052012
vn 0.861134 0.504465 0.062962
vn 0.859610 0.507903 0.055727
vn 0.743582 0.664703 0.072497
vn 0.741192 0.668218 0.064176
vn 0.605744 0.794007 -0.051253
vn 0.446343 0.893439 -0.050445
vn 0.446316 0.893448 -0.050521
vn 0.445690 0.892196 0.073122
vn 0.445732 0.892166 0.073225
vn 0.605780 0.793986 -0.051146
vn 0.604872 0.792863 0.074148
vn 0.604146 0.793607 0.072084
vn 0.443845 0.888389 0.117332
vn 0.443619 0.887940 0.121511
vn 0.443614 0.887944 0.121500
vn 0.598538 0.791589 0.123040
vn 0.593770 0.796740 0.112442
vn 0.443838 0.888394 0.117319
vn 0.599238 0.792507 0.113343
vn 0.601425 0.790049 0.118787
vn 0.857671 0.506588 0.088148
vn 0.829876 0.557684 0.017181
vn 0.852137 0.516055 0.086895
vn 0.853113 0.517005 0.070031
vn 0.717310 0.691868 0.082371
vn 0.729280 0.674572 0.114474
vn 0.730990 0.676103 0.092404
vn 0.737914 0.665284 0.113491
vn 0.828300 0.557106 0.059600
vn 0.773297 0.627392 -0.091602
vn 0.717156 0.691728 0.084850
vn 0.696909 0.716194 0.037193
vn 0.771854 0.633822 0.050118
vn 0.756302 0.653993 0.017350
vn 0.695708 0.715116 0.067815
vn 0.681697 0.730581 0.039253
vn 0.444842 0.890388 0.096569
vn 0.444807 0.890412 0.096506
vn 0.445651 0.892103 0.074481
vn 0.445624 0.892120 0.074436
vn 0.594710 0.797977 0.097734
vn 0.585610 0.806707 0.079275
vn 0.585790 0.806948 0.075402
vn 0.579624 0.812366 0.064011
vn 0.446173 0.893219 0.055589
vn 0.446539 0.893881 0.039752
vn 0.446571 0.893863 0.039798
vn 0.586192 0.809171 0.040276
vn 0.595774 0.801194 0.056046
vn 0.446231 0.893184 0.055680
vn 0.585428 0.808040 0.065910
vn 0.579894 0.812738 0.056386
vn 0.753562 0.652026 0.083710
vn 0.816571 0.550413 0.173946
vn 0.767728 0.634966 0.086090
vn 0.766735 0.633036 0.106689
vn 0.714986 0.693069 0.091927
vn 0.694622 0.717326 0.054259
vn 0.693077 0.715471 0.088010
vn 0.680749 0.729618 0.065109
vn 0.262874 0.957307 0.120252
vn 0.262950 0.957270 0.120381
vn 0.263085 0.957761 0.116101
vn 0.263057 0.957775 0.116048
vn 0.086326 0.989056 0.119653
vn 0.086363 0.989562 0.115361
vn 0.086345 0.989567 0.115330
vn 0.264572 0.963075 -0.049888
vn 0.264507 0.963083 -0.050063
vn 0.086812 0.994981 -0.049763
vn 0.086782 0.994980 -0.049844
vn 0.264205 0.961740 0.072467
vn 0.264153 0.961763 0.072350
vn 0.086694 0.993628 0.072031
vn 0.086700 0.993626 0.072044
vn -0.266545 0.962517 -0.050144
vn -0.266540 0.962519 -0.050128
vn -0.266174 0.961200 0.072428
vn -0.266222 0.961194 0.072331
vn -0.088897 0.994795 -0.049800
vn -0.088910 0.994792 -0.049835
vn -0.088790 0.993452 0.071893
vn -0.088711 0.993448 0.072054
vn -0.944447 0.302639 0.128179
vn -0.944481 0.302576 0.128078
vn -0.945013 0.302747 0.123669
vn -0.945016 0.302743 0.123662
vn -0.986580 0.100439 0.128729
vn -0.987144 0.100497 0.124286
vn -0.987121 0.100571 0.124406
vn -0.950966 0.304642 -0.053457
vn -0.950966 0.304640 -0.053463
vn -0.993417 0.101194 -0.053686
vn -0.993416 0.101170 -0.053747
vn -0.949476 0.304165 0.077324
vn -0.949473 0.304171 0.077336
vn -0.991848 0.101034 0.077654
vn -0.991843 0.101052 0.077689
vn -0.950230 -0.306929 -0.053463
vn -0.950232 -0.306923 -0.053447
vn -0.948752 -0.306445 0.077209
vn -0.948760 -0.306398 0.077299
vn -0.993177 -0.103521 -0.053697
vn -0.993173 -0.103535 -0.053734
vn -0.991603 -0.103372 0.077703
vn -0.991604 -0.103387 0.077674
vn 0.265018 -0.956718 0.120236
vn 0.264997 -0.956720 0.120269
vn 0.088359 -0.988888 0.119553
vn 0.088297 -0.988882 0.119648
vn 0.265150 -0.957194 0.116079
vn 0.265115 -0.957197 0.116138
vn 0.088403 -0.989386 0.115325
vn 0.088357 -0.989381 0.115404
vn -0.262874 -0.957307 0.120252
vn -0.262950 -0.957270 0.120381
vn -0.263087 -0.957766 0.116055
vn -0.263083 -0.957768 0.116048
vn -0.086326 -0.989056 0.119653
vn -0.086319 -0.989058 0.119642
vn -0.086363 -0.989562 0.115361
vn -0.086337 -0.989570 0.115316
vn -0.264507 -0.963083 -0.050063
vn -0.264572 -0.963075 -0.049888
vn -0.086782 -0.994980 -0.049844
vn -0.086812 -0.994981 -0.049763
vn -0.264205 -0.961740 0.072467
vn -0.264177 -0.961753 0.072404
vn -0.086693 -0.993626 0.072049
vn -0.086691 -0.993627 0.072044
vn 0.266571 -0.962510 -0.050144
vn 0.266541 -0.962523 -0.050057
vn 0.266174 -0.961200 0.072428
vn 0.266222 -0.961194 0.072332
vn 0.088888 -0.994797 -0.049776
vn 0.088909 -0.994792 -0.049835
vn 0.088790 -0.993452 0.071893
vn 0.088720 -0.993448 0.072036
vn 0.954103 0.299400 -0.006845
vn 0.968601 0.238851 0.069015
vn 0.994746 0.089365 0.049943
vn 0.994151 0.070626 0.081705
vn 0.952644 0.293426 0.079820
vn 0.950625 0.303856 0.063110
vn 0.991372 0.087078 0.097971
vn 0.992077 0.099587 0.076582
vn 0.966170 -0.257697 -0.010435
vn 0.953564 -0.291504 0.075777
vn 0.954199 -0.292535 0.062664
vn 0.950257 -0.301048 0.079886
vn 0.996345 -0.070834 0.047748
vn 0.993001 -0.085376 0.081611
vn 0.993406 -0.085633 0.076237
vn 0.990485 -0.096734 0.097884
vn 0.950953 -0.304635 -0.053719
vn 0.950935 -0.304738 -0.053457
vn 0.993416 -0.101170 -0.053746
vn 0.993414 -0.101087 -0.053953
vn 0.950626 -0.304639 0.059211
vn 0.951825 -0.301962 0.053379
vn 0.992728 -0.101017 0.065479
vn 0.993544 -0.097438 0.058098
vn 0.950230 0.306929 -0.053464
vn 0.950232 0.306923 -0.053448
vn 0.950229 0.306922 0.053520
vn 0.950832 0.303982 0.059271
vn 0.993177 0.103521 -0.053698
vn 0.993173 0.103535 -0.053732
vn 0.992925 0.103509 0.058187
vn 0.992850 0.099777 0.065528
vn -0.266667 0.962983 0.039404
vn -0.266736 0.962968 0.039312
vn -0.088992 0.995266 0.039067
vn -0.088874 0.995270 0.039222
vn -0.266470 0.962272 0.055008
vn -0.266440 0.962278 0.055050
vn -0.088927 0.994540 0.054606
vn -0.088866 0.994541 0.054689
vn 0.264726 0.963519 0.039393
vn 0.264643 0.963546 0.039279
vn 0.264447 0.962831 0.054994
vn 0.264550 0.962794 0.055143
vn 0.086802 0.995460 0.039044
vn 0.086942 0.995441 0.039228
vn 0.086878 0.994710 0.054809
vn 0.086721 0.994736 0.054591
vn 0.263589 0.959910 0.095359
vn 0.263707 0.959859 0.095549
vn 0.086559 0.991716 0.094901
vn 0.086488 0.991733 0.094794
vn 0.264199 0.961650 0.073674
vn 0.264232 0.961637 0.073724
vn 0.086646 0.993541 0.073275
vn 0.086618 0.993546 0.073233
vn -0.265715 0.959312 0.095483
vn -0.265658 0.959319 0.095566
vn -0.266155 0.961112 0.073654
vn -0.266118 0.961118 0.073705
vn -0.088543 0.991533 0.094987
vn -0.088594 0.991536 0.094911
vn -0.088757 0.993355 0.073266
vn -0.088760 0.993355 0.073261
vn -0.950733 -0.307163 0.041923
vn -0.950751 -0.307094 0.042010
vn -0.993728 -0.103536 0.042252
vn -0.993724 -0.103605 0.042168
vn -0.949929 -0.306903 0.058688
vn -0.949930 -0.306899 0.058694
vn -0.992883 -0.103448 0.059007
vn -0.992882 -0.103470 0.058979
vn -0.951493 0.304808 0.041878
vn -0.951451 0.304919 0.042022
vn -0.950653 0.304663 0.058645
vn -0.950647 0.304678 0.058665
vn -0.993968 0.101209 0.042243
vn -0.993979 0.101135 0.042152
vn -0.993133 0.101049 0.058954
vn -0.993124 0.101102 0.059021
vn -0.947356 0.303571 0.101791
vn -0.947352 0.303580 0.101804
vn -0.989639 0.100751 0.102292
vn -0.989635 0.100768 0.102317
vn -0.949357 0.304222 0.078551
vn -0.949341 0.304259 0.078604
vn -0.991748 0.100983 0.078980
vn -0.991753 0.100962 0.078951
vn -0.946649 -0.305730 0.101902
vn -0.946625 -0.305874 0.101701
vn -0.948621 -0.306519 0.078515
vn -0.948629 -0.306479 0.078569
vn -0.989400 -0.103153 0.102214
vn -0.989398 -0.103114 0.102267
vn -0.991506 -0.103334 0.078980
vn -0.991506 -0.103327 0.078989
vn 0.266639 -0.962989 0.039441
vn 0.266736 -0.962967 0.039312
vn 0.088992 -0.995266 0.039067
vn 0.088874 -0.995270 0.039222
vn 0.266442 -0.962278 0.055046
vn 0.266467 -0.962273 0.055012
vn 0.088927 -0.994540 0.054606
vn 0.088857 -0.994541 0.054702
vn -0.264726 -0.963519 0.039393
vn -0.264643 -0.963546 0.039279
vn -0.264447 -0.962831 0.054994
vn -0.264550 -0.962794 0.055143
vn -0.086802 -0.995460 0.039044
vn -0.086942 -0.995441 0.039228
vn -0.086878 -0.994710 0.054809
vn -0.086721 -0.994736 0.054591
vn -0.263589 -0.959910 0.095359
vn -0.263707 -0.959859 0.095549
vn -0.086559 -0.991716 0.094901
vn -0.086488 -0.991733 0.094794
vn -0.264199 -0.961650 0.073674
vn -0.264232 -0.961637 0.073724
vn -0.086646 -0.993541 0.073275
vn -0.086618 -0.993546 0.073233
vn 0.265715 -0.959312 0.095483
vn 0.265658 -0.959319 0.095566
vn 0.266154 -0.961109 0.073693
vn 0.266146 -0.961111 0.073705
vn 0.088534 -0.991534 0.094987
vn 0.088585 -0.991537 0.094911
vn 0.088747 -0.993356 0.073266
vn 0.088751 -0.993356 0.073261
vn 0.825891 0.560341 0.062628
vn 0.847674 0.516192 0.122455
vn 0.717166 0.695942 0.036575
vn 0.731448 0.678956 0.063275
vn 0.854467 0.518512 0.032113
vn 0.857680 0.512614 0.040139
vn 0.732573 0.680413 0.019365
vn 0.737923 0.674256 0.029130
vn 0.446732 0.894267 0.026776
vn 0.446766 0.894249 0.026823
vn 0.446871 0.894461 0.015677
vn 0.446781 0.894508 0.015552
vn 0.596417 0.802215 0.027157
vn 0.602155 0.797558 0.036208
vn 0.602437 0.798010 0.015765
vn 0.604143 0.796664 0.018388
vn 0.446829 0.894604 0.005194
vn 0.446954 0.894542 -0.005220
vn 0.446891 0.894572 -0.005309
vn 0.601331 0.798982 -0.005287
vn 0.594009 0.804280 -0.016925
vn 0.446892 0.894573 0.005281
vn 0.601318 0.799010 0.000847
vn 0.604241 0.796784 0.005341
vn 0.858304 0.512832 -0.017827
vn 0.813534 0.568579 -0.121987
vn 0.851444 0.522125 -0.049291
vn 0.852145 0.522389 -0.030962
vn 0.710380 0.701951 -0.051233
vn 0.729583 0.683682 -0.016965
vn 0.729588 0.683720 -0.015123
vn 0.738271 0.674504 0.000129
vn -0.448609 0.893323 0.026892
vn -0.448697 0.893283 0.026774
vn -0.608086 0.793406 0.027178
vn -0.608052 0.793430 0.027229
vn -0.448803 0.893495 0.015558
vn -0.448753 0.893519 0.015625
vn -0.608201 0.793625 0.015833
vn -0.608249 0.793590 0.015762
vn -0.863637 0.503334 0.028044
vn -0.863667 0.503286 0.027979
vn -0.863891 0.503417 0.016237
vn -0.863898 0.503406 0.016223
vn -0.746779 0.664502 0.027551
vn -0.746768 0.664513 0.027570
vn -0.746956 0.664681 0.015996
vn -0.746919 0.664721 0.016061
vn -0.863998 0.503465 0.005534
vn -0.863999 0.503465 -0.005444
vn -0.864010 0.503446 -0.005472
vn -0.747008 0.664794 -0.005364
vn -0.747060 0.664734 -0.005463
vn -0.864009 0.503445 0.005508
vn -0.747008 0.664793 0.005414
vn -0.747005 0.664797 0.005419
vn -0.448802 0.893616 0.005282
vn -0.448802 0.893616 -0.005308
vn -0.448786 0.893624 -0.005284
vn -0.448785 0.893624 0.005305
vn -0.608305 0.793685 -0.005371
vn -0.608302 0.793687 -0.005367
vn -0.608303 0.793687 0.005340
vn -0.608316 0.793677 0.005320
vn -0.862511 -0.505261 0.028043
vn -0.862508 -0.505267 0.028035
vn -0.745247 -0.666219 0.027553
vn -0.745283 -0.666175 0.027622
vn -0.862733 -0.505399 0.016224
vn -0.862736 -0.505393 0.016231
vn -0.745472 -0.666344 0.016062
vn -0.745432 -0.666390 0.015990
vn -0.446732 -0.894267 0.026776
vn -0.446765 -0.894249 0.026823
vn -0.446871 -0.894461 0.015677
vn -0.446781 -0.894508 0.015552
vn -0.606310 -0.794765 0.027149
vn -0.606333 -0.794746 0.027185
vn -0.606482 -0.794941 0.015763
vn -0.606524 -0.794908 0.015827
vn -0.446829 -0.894604 0.005194
vn -0.446954 -0.894542 -0.005220
vn -0.446891 -0.894572 -0.005309
vn -0.606576 -0.795008 -0.005286
vn -0.606526 -0.795045 -0.005365
vn -0.446892 -0.894573 0.005281
vn -0.606576 -0.795008 0.005317
vn -0.606591 -0.794996 0.005341
vn -0.862837 -0.505452 0.005508
vn -0.862837 -0.505453 -0.005470
vn -0.862797 -0.505520 -0.005566
vn -0.862798 -0.505520 0.005416
vn -0.745517 -0.666465 -0.005466
vn -0.745518 -0.666463 -0.005463
vn -0.745518 -0.666463 0.005417
vn -0.745516 -0.666465 0.005414
vn 0.448610 -0.893325 0.026832
vn 0.448653 -0.893305 0.026774
vn 0.598101 -0.800608 0.036082
vn 0.604077 -0.796463 0.027151
vn 0.448760 -0.893517 0.015558
vn 0.448710 -0.893541 0.015625
vn 0.604181 -0.796635 0.018389
vn 0.605946 -0.795350 0.015763
vn 0.823762 -0.554394 0.118589
vn 0.854162 -0.516275 0.062181
vn 0.855328 -0.516538 0.040029
vn 0.859131 -0.510744 0.032162
vn 0.717837 -0.693324 0.063347
vn 0.733824 -0.678359 0.036470
vn 0.733970 -0.678565 0.028942
vn 0.739590 -0.672778 0.019405
vn 0.859233 -0.510636 -0.031121
vn 0.817694 -0.573468 -0.050111
vn 0.846542 -0.517057 -0.126569
vn 0.730537 -0.680955 -0.051147
vn 0.712214 -0.701757 -0.017001
vn 0.853711 -0.520446 -0.017731
vn 0.731018 -0.682358 0.000170
vn 0.739684 -0.672780 -0.015335
vn 0.448758 -0.893638 0.005282
vn 0.448802 -0.893616 -0.005245
vn 0.448786 -0.893624 -0.005221
vn 0.448786 -0.893624 0.005245
vn 0.595813 -0.803106 -0.005287
vn 0.603068 -0.797510 -0.016925
vn 0.603067 -0.797672 0.005341
vn 0.606026 -0.795444 0.000824
vn -0.266896 0.963711 -0.005236
vn 0.961432 -0.272792 0.035120
vn 0.948421 -0.304792 0.087169
vn 0.993735 -0.093021 0.061950
vn 0.996372 -0.079317 0.030845
vn 0.953101 -0.297589 -0.055120
vn 0.951905 -0.303219 -0.043980
vn 0.993399 -0.087849 -0.073761
vn 0.993828 -0.098172 -0.051651
vn 0.995054 0.094433 0.030805
vn 0.953889 0.286688 0.088919
vn 0.951895 0.304912 0.030402
vn 0.952728 0.300648 -0.043812
vn 0.950702 0.305150 -0.055211
vn 0.994443 0.083927 0.063549
vn 0.994495 0.091261 -0.051495
vn 0.992231 0.100245 -0.073674
vn 0.949768 0.304598 -0.071839
vn 0.951586 0.307371 0.002714
vn 0.951595 0.307342 0.002807
vn 0.994606 0.103689 0.002703
vn 0.994604 0.103711 0.002636
vn 0.948786 0.306435 -0.076833
vn 0.991115 0.103325 -0.083760
vn 0.992072 0.100209 -0.075843
vn 0.950159 -0.302165 -0.076775
vn 0.952305 -0.305135 0.002900
vn 0.952324 -0.305077 0.002714
vn 0.949867 -0.304290 -0.071833
vn 0.994850 -0.101324 0.002702
vn 0.994852 -0.101302 0.002637
vn 0.991991 -0.101011 -0.075830
vn 0.991685 -0.097661 -0.083808
vn 0.847613 0.526592 0.065214
vn 0.809982 0.582434 -0.068547
vn 0.727543 0.682965 -0.065121
vn 0.705491 0.699402 -0.114541
vn 0.848123 0.522679 -0.086565
vn 0.858773 0.509767 -0.051452
vn 0.723383 0.678606 -0.127319
vn 0.738407 0.668190 -0.090981
vn 0.597488 0.793925 -0.112657
vn 0.262742 0.956637 -0.125743
vn 0.262727 0.956638 -0.125769
vn 0.086264 0.988402 -0.124981
vn 0.086273 0.988403 -0.124964
vn 0.262445 0.955608 -0.133922
vn 0.262448 0.955608 -0.133916
vn 0.086171 0.987337 -0.133192
vn 0.086206 0.987344 -0.133122
vn -0.088264 0.988226 -0.124975
vn -0.264813 0.956044 -0.125910
vn -0.264747 0.956080 -0.125778
vn -0.264464 0.955057 -0.133883
vn -0.264522 0.955022 -0.134016
vn -0.088293 0.988217 -0.125029
vn -0.088169 0.987161 -0.133191
vn -0.088175 0.987158 -0.133205
vn -0.265502 0.958558 -0.103320
vn -0.266884 0.963725 0.002542
vn -0.266857 0.963733 0.002632
vn -0.089024 0.996026 0.002504
vn -0.089042 0.996025 0.002446
vn -0.265435 0.958597 -0.103136
vn -0.088554 0.990767 -0.102664
vn -0.088499 0.990786 -0.102524
vn 0.263416 0.959135 -0.103305
vn 0.264866 0.964282 0.002632
vn 0.264840 0.964289 0.002542
vn 0.263424 0.959135 -0.103286
vn 0.086986 0.996206 0.002503
vn 0.086969 0.996208 0.002447
vn 0.086510 0.990943 -0.102707
vn 0.086520 0.990944 -0.102682
vn 0.443312 0.887316 -0.127066
vn 0.443280 0.887323 -0.127122
vn 0.442796 0.886353 -0.135312
vn 0.442785 0.886356 -0.135333
vn 0.589135 0.797710 -0.128754
vn 0.595680 0.791453 -0.136996
vn 0.600378 0.789539 -0.127183
vn 0.446929 0.894565 0.002642
vn 0.446860 0.894601 0.002388
vn 0.606605 0.795000 0.002469
vn 0.606544 0.795047 0.002225
vn 0.444494 0.889690 -0.104290
vn 0.444455 0.889699 -0.104382
vn 0.603462 0.790881 -0.101686
vn 0.601898 0.791555 -0.105638
vn 0.862857 0.505440 0.002754
vn 0.862861 0.505434 0.002777
vn 0.860500 0.504051 -0.073976
vn 0.856737 0.508314 -0.087289
vn 0.745556 0.666438 0.002752
vn 0.745452 0.666556 0.002258
vn 0.742537 0.663949 -0.088377
vn 0.737595 0.667433 -0.102406
vn -0.265897 0.959958 -0.088201
vn -0.265811 0.959996 -0.088041
vn -0.088649 0.992208 -0.087545
vn -0.088721 0.992191 -0.087672
vn -0.266408 0.962152 -0.057365
vn -0.266411 0.962151 -0.057370
vn -0.088918 0.994403 -0.057061
vn -0.088895 0.994407 -0.057023
vn 0.263813 0.960535 -0.088175
vn 0.263848 0.960531 -0.088116
vn 0.264443 0.962697 -0.057306
vn 0.264403 0.962704 -0.057371
vn 0.086620 0.992381 -0.087617
vn 0.086672 0.992384 -0.087529
vn 0.086864 0.994588 -0.057007
vn 0.086824 0.994588 -0.057072
vn 0.264689 0.963745 -0.033697
vn 0.264801 0.964160 -0.016606
vn 0.264845 0.964149 -0.016542
vn 0.086862 0.996084 -0.016506
vn 0.086878 0.996083 -0.016482
vn 0.264732 0.963735 -0.033631
vn 0.086824 0.995657 -0.033582
vn 0.086918 0.995654 -0.033440
vn -0.266699 0.963191 -0.033670
vn -0.266827 0.963602 -0.016547
vn -0.266866 0.963591 -0.016604
vn -0.266751 0.963174 -0.033752
vn -0.088975 0.995897 -0.016510
vn -0.088954 0.995899 -0.016479
vn -0.088916 0.995477 -0.033462
vn -0.088990 0.995466 -0.033576
vn -0.445155 0.886370 -0.127223
vn -0.445098 0.886417 -0.127093
vn -0.603263 0.787092 -0.128685
vn -0.603292 0.787057 -0.128764
vn -0.444675 0.885414 -0.135300
vn -0.444680 0.885409 -0.135313
vn -0.602590 0.786213 -0.136951
vn -0.602585 0.786218 -0.136938
vn -0.740649 0.659075 -0.130611
vn -0.943700 0.302462 -0.133969
vn -0.943704 0.302412 -0.134052
vn -0.985802 0.100353 -0.134624
vn -0.985803 0.100364 -0.134605
vn -0.942558 0.302045 -0.142665
vn -0.942563 0.301941 -0.142856
vn -0.984570 0.100228 -0.143445
vn -0.984577 0.100268 -0.143370
vn -0.985566 -0.102663 -0.134609
vn -0.943012 -0.304634 -0.133892
vn -0.942967 -0.304709 -0.134035
vn -0.941802 -0.304332 -0.142796
vn -0.941895 -0.304190 -0.142485
vn -0.985551 -0.102707 -0.134685
vn -0.984366 -0.102538 -0.143209
vn -0.984319 -0.102660 -0.143448
vn -0.945819 -0.305457 -0.110097
vn -0.951586 -0.307372 0.002712
vn -0.951595 -0.307342 0.002807
vn -0.994606 -0.103689 0.002701
vn -0.994604 -0.103710 0.002638
vn -0.945809 -0.305474 -0.110140
vn -0.988505 -0.103053 -0.110622
vn -0.988490 -0.103095 -0.110722
vn -0.946540 0.303215 -0.110104
vn -0.952305 0.305135 0.002902
vn -0.952324 0.305077 0.002713
vn -0.946539 0.303223 -0.110085
vn -0.994850 0.101323 0.002701
vn -0.994852 0.101302 0.002638
vn -0.988744 0.100680 -0.110677
vn -0.988746 0.100693 -0.110649
vn -0.856451 0.498923 -0.132538
vn -0.856431 0.498990 -0.132420
vn -0.855382 0.498379 -0.141211
vn -0.855349 0.498504 -0.140970
vn -0.740610 0.659147 -0.130472
vn -0.739803 0.658323 -0.138934
vn -0.739798 0.658332 -0.138914
vn -0.863973 0.503529 0.002911
vn -0.864021 0.503449 0.002624
vn -0.747040 0.664774 0.002550
vn -0.747006 0.664811 0.002710
vn -0.858845 0.500540 -0.108830
vn -0.858845 0.500541 -0.108829
vn -0.742737 0.660944 -0.107217
vn -0.742736 0.660946 -0.107211
vn -0.448790 0.893633 0.002641
vn -0.448783 0.893637 0.002664
vn -0.446334 0.888759 -0.104373
vn -0.446354 0.888741 -0.104436
vn -0.608326 0.793683 0.002714
vn -0.608336 0.793675 0.002671
vn -0.604925 0.789225 -0.105778
vn -0.604907 0.789248 -0.105711
vn -0.947370 -0.306042 -0.093956
vn -0.947389 -0.306004 -0.093888
vn -0.990159 -0.103187 -0.094536
vn -0.990169 -0.103148 -0.094473
vn -0.949809 -0.306785 -0.061208
vn -0.949777 -0.306860 -0.061330
vn -0.992734 -0.103416 -0.061522
vn -0.992737 -0.103398 -0.061495
vn -0.948088 0.303869 -0.093774
vn -0.948104 0.303770 -0.093934
vn -0.950525 0.304546 -0.061273
vn -0.950535 0.304501 -0.061342
vn -0.990411 0.100833 -0.094439
vn -0.990408 0.100779 -0.094525
vn -0.992971 0.101040 -0.061639
vn -0.992970 0.101108 -0.061537
vn -0.951711 0.304878 -0.035985
vn -0.952169 0.305057 -0.017711
vn -0.952155 0.305106 -0.017644
vn -0.994698 0.101290 -0.017801
vn -0.994696 0.101310 -0.017776
vn -0.951690 0.304958 -0.035869
vn -0.994208 0.101240 -0.036054
vn -0.994209 0.101234 -0.036064
vn -0.950949 -0.307238 -0.036058
vn -0.951451 -0.307302 -0.017501
vn -0.951436 -0.307345 -0.017562
vn -0.950966 -0.307194 -0.035990
vn -0.994459 -0.103631 -0.017654
vn -0.994448 -0.103720 -0.017772
vn -0.993951 -0.103668 -0.036247
vn -0.993973 -0.103527 -0.036046
vn -0.855313 -0.500928 -0.132327
vn -0.855200 -0.501048 -0.132603
vn -0.739130 -0.660769 -0.130653
vn -0.739159 -0.660749 -0.130592
vn -0.854293 -0.500331 -0.140897
vn -0.854188 -0.500434 -0.141170
vn -0.738295 -0.660022 -0.138893
vn -0.738312 -0.660011 -0.138854
vn -0.601503 -0.788429 -0.128738
vn -0.262742 -0.956637 -0.125743
vn -0.262727 -0.956638 -0.125769
vn -0.086264 -0.988402 -0.124981
vn -0.086273 -0.988403 -0.124964
vn -0.262445 -0.955608 -0.133922
vn -0.262448 -0.955608 -0.133916
vn -0.086171 -0.987337 -0.133192
vn -0.086206 -0.987344 -0.133122
vn 0.088264 -0.988226 -0.124975
vn 0.264813 -0.956044 -0.125911
vn 0.264747 -0.956080 -0.125778
vn 0.264464 -0.955057 -0.133883
vn 0.264522 -0.955022 -0.134016
vn 0.088293 -0.988217 -0.125029
vn 0.088169 -0.987161 -0.133191
vn 0.088175 -0.987158 -0.133205
vn 0.265502 -0.958558 -0.103320
vn 0.266883 -0.963725 0.002542
vn 0.266857 -0.963733 0.002632
vn 0.089024 -0.996026 0.002504
vn 0.089042 -0.996025 0.002446
vn 0.265435 -0.958597 -0.103136
vn 0.088554 -0.990767 -0.102663
vn 0.088499 -0.990786 -0.102524
vn -0.263416 -0.959135 -0.103305
vn -0.264866 -0.964282 0.002632
vn -0.264840 -0.964289 0.002542
vn -0.263424 -0.959135 -0.103286
vn -0.086986 -0.996206 0.002503
vn -0.086969 -0.996208 0.002447
vn -0.086510 -0.990943 -0.102707
vn -0.086520 -0.990944 -0.102682
vn -0.443312 -0.887316 -0.127066
vn -0.443280 -0.887323 -0.127122
vn -0.442796 -0.886353 -0.135312
vn -0.442785 -0.886356 -0.135333
vn -0.601515 -0.788424 -0.128716
vn -0.600833 -0.787552 -0.136973
vn -0.600856 -0.787543 -0.136927
vn -0.446930 -0.894565 0.002642
vn -0.446860 -0.894601 0.002388
vn -0.606605 -0.795000 0.002469
vn -0.606544 -0.795047 0.002225
vn -0.444494 -0.889690 -0.104289
vn -0.444455 -0.889699 -0.104383
vn -0.603220 -0.790564 -0.105522
vn -0.603175 -0.790583 -0.105633
vn -0.862857 -0.505440 0.002754
vn -0.862861 -0.505434 0.002777
vn -0.857743 -0.502436 -0.108788
vn -0.857692 -0.502488 -0.108951
vn -0.745556 -0.666438 0.002752
vn -0.745452 -0.666555 0.002259
vn -0.741149 -0.662708 -0.107318
vn -0.741251 -0.662638 -0.107037
vn 0.265898 -0.959962 -0.088153
vn 0.265839 -0.959989 -0.088042
vn 0.088649 -0.992208 -0.087545
vn 0.088711 -0.992193 -0.087655
vn 0.266435 -0.962142 -0.057411
vn 0.266411 -0.962151 -0.057370
vn 0.088909 -0.994404 -0.057061
vn 0.088895 -0.994407 -0.057038
vn -0.263813 -0.960535 -0.088175
vn -0.263848 -0.960531 -0.088116
vn -0.264443 -0.962697 -0.057306
vn -0.264403 -0.962704 -0.057371
vn -0.086620 -0.992381 -0.087617
vn -0.086672 -0.992384 -0.087529
vn -0.086864 -0.994588 -0.057007
vn -0.086824 -0.994588 -0.057072
vn -0.264689 -0.963745 -0.033697
vn -0.264801 -0.964160 -0.016606
vn -0.264845 -0.964149 -0.016542
vn -0.086862 -0.996084 -0.016506
vn -0.086878 -0.996083 -0.016482
vn -0.264732 -0.963735 -0.033631
vn -0.086824 -0.995657 -0.033582
vn -0.086918 -0.995654 -0.033440
vn 0.266699 -0.963191 -0.033670
vn 0.266827 -0.963602 -0.016547
vn 0.266866 -0.963591 -0.016604
vn 0.266751 -0.963174 -0.033752
vn 0.088975 -0.995897 -0.016510
vn 0.088954 -0.995899 -0.016479
vn 0.088916 -0.995477 -0.033462
vn 0.088990 -0.995466 -0.033576
vn 0.445155 -0.886370 -0.127223
vn 0.445098 -0.886417 -0.127093
vn 0.598087 -0.791030 -0.128704
vn 0.592057 -0.798008 -0.112481
vn 0.444670 -0.885403 -0.135393
vn 0.444639 -0.885430 -0.135314
vn 0.598207 -0.791194 -0.127123
vn 0.601362 -0.787131 -0.137070
vn 0.810381 -0.583020 0.058049
vn 0.850267 -0.521681 -0.069963
vn 0.850980 -0.522620 -0.051969
vn 0.857991 -0.506442 -0.085836
vn 0.709896 -0.701363 -0.064317
vn 0.725933 -0.678141 -0.114655
vn 0.727628 -0.679897 -0.091090
vn 0.736996 -0.663834 -0.127124
vn 0.863974 -0.503529 0.002910
vn 0.864021 -0.503449 0.002623
vn 0.747041 -0.664774 0.002549
vn 0.747006 -0.664812 0.002711
vn 0.860697 -0.501619 -0.087060
vn 0.858774 -0.506985 -0.073982
vn 0.743105 -0.661271 -0.102544
vn 0.740092 -0.666695 -0.088211
vn 0.448790 -0.893633 0.002641
vn 0.448783 -0.893637 0.002664
vn 0.446334 -0.888759 -0.104373
vn 0.446318 -0.888773 -0.104324
vn 0.608326 -0.793683 0.002713
vn 0.608336 -0.793675 0.002672
vn 0.604935 -0.789238 -0.105627
vn 0.603923 -0.790509 -0.101845
vn -0.266860 0.963721 -0.005187
vn -0.088986 0.996020 -0.005051
vn -0.089063 0.996013 -0.005151
vn -0.266896 0.963711 0.005207
vn -0.266860 0.963721 0.005254
vn -0.089063 0.996013 0.005084
vn -0.088986 0.996019 0.005180
vn 0.264834 0.964280 -0.005235
vn 0.264869 0.964270 -0.005188
vn 0.264869 0.964271 0.005132
vn 0.264927 0.964254 0.005207
vn 0.086889 0.996205 -0.005150
vn 0.086963 0.996199 -0.005052
vn 0.086963 0.996198 0.005179
vn 0.086889 0.996205 0.005085
vn 0.264838 0.963926 0.026580
vn 0.264761 0.963950 0.026480
vn 0.086839 0.995874 0.026328
vn 0.086923 0.995864 0.026435
vn 0.264823 0.964174 0.015422
vn 0.264899 0.964151 0.015520
vn 0.086943 0.996094 0.015393
vn 0.086880 0.996101 0.015314
vn -0.266849 0.963374 0.026489
vn -0.266752 0.963398 0.026612
vn -0.266815 0.963624 0.015441
vn -0.266832 0.963620 0.015420
vn -0.088911 0.995688 0.026453
vn -0.089014 0.995682 0.026323
vn -0.089035 0.995911 0.015319
vn -0.088977 0.995915 0.015390
vn -0.951582 -0.307345 -0.005492
vn -0.951569 -0.307385 -0.005545
vn -0.994599 -0.103646 -0.005587
vn -0.994603 -0.103609 -0.005542
vn -0.951570 -0.307386 0.005425
vn -0.951582 -0.307345 0.005475
vn -0.994603 -0.103609 0.005484
vn -0.994600 -0.103635 0.005454
vn -0.952304 0.305100 -0.005543
vn -0.952302 0.305108 -0.005533
vn -0.952301 0.305108 0.005602
vn -0.952314 0.305069 0.005554
vn -0.994838 0.101324 -0.005554
vn -0.994841 0.101295 -0.005589
vn -0.994841 0.101295 0.005586
vn -0.994850 0.101209 0.005485
vn -0.951945 0.304953 0.028349
vn -0.951940 0.304969 0.028369
vn -0.994451 0.101258 0.028527
vn -0.994453 0.101244 0.028509
vn -0.952194 0.305051 0.016449
vn -0.952200 0.305033 0.016426
vn -0.994720 0.101271 0.016602
vn -0.994729 0.101197 0.016516
vn -0.951208 -0.307242 0.028373
vn -0.951179 -0.307344 0.028250
vn -0.951430 -0.307425 0.016429
vn -0.951466 -0.307307 0.016570
vn -0.994208 -0.103655 0.028393
vn -0.994216 -0.103547 0.028520
vn -0.994482 -0.103575 0.016652
vn -0.994478 -0.103622 0.016598
vn 0.266860 -0.963721 -0.005187
vn 0.266869 -0.963719 -0.005199
vn 0.088986 -0.996020 -0.005051
vn 0.089063 -0.996013 -0.005151
vn 0.266869 -0.963719 0.005207
vn 0.266860 -0.963721 0.005218
vn 0.089063 -0.996013 0.005084
vn 0.088986 -0.996019 0.005180
vn -0.264834 -0.964280 -0.005235
vn -0.264869 -0.964270 -0.005188
vn -0.264869 -0.964271 0.005132
vn -0.264927 -0.964254 0.005207
vn -0.086889 -0.996205 -0.005150
vn -0.086963 -0.996199 -0.005052
vn -0.086963 -0.996198 0.005179
vn -0.086889 -0.996205 0.005085
vn -0.264838 -0.963926 0.026580
vn -0.264761 -0.963950 0.026480
vn -0.086839 -0.995874 0.026328
vn -0.086923 -0.995864 0.026435
vn -0.264823 -0.964174 0.015422
vn -0.264899 -0.964151 0.015520
vn -0.086943 -0.996094 0.015393
vn -0.086880 -0.996101 0.015314
vn 0.266849 -0.963374 0.026489
vn 0.266752 -0.963398 0.026612
vn 0.266815 -0.963624 0.015441
vn 0.266832 -0.963620 0.015420
vn 0.088911 -0.995688 0.026453
vn 0.089014 -0.995682 0.026323
vn 0.089035 -0.995911 0.015319
vn 0.088977 -0.995915 0.015390
vn 0.944409 0.297386 -0.140192
vn 0.965914 0.244747 -0.084315
vn 0.991364 0.089324 -0.096018
vn 0.994954 0.070658 -0.071231
vn 0.955555 0.293509 -0.027688
vn 0.953737 0.298713 -0.034017
vn 0.996097 0.086284 -0.018576
vn 0.995152 0.094147 -0.028440
vn 0.956086 -0.256509 -0.141782
vn 0.952608 -0.293491 -0.080009
vn 0.955955 -0.291532 -0.034043
vn 0.954642 -0.296468 -0.027668
vn 0.992789 -0.070066 -0.097270
vn 0.993755 -0.085989 -0.071119
vn 0.996036 -0.084280 -0.028447
vn 0.995608 -0.091761 -0.018567
vn 0.945962 -0.293262 0.138393
vn 0.968861 -0.234830 0.078502
vn 0.992135 -0.085674 0.091256
vn 0.995584 -0.066707 0.066043
vn 0.956779 -0.288735 0.034736
vn 0.954029 -0.296462 0.044028
vn 0.996269 -0.082707 0.024635
vn 0.995128 -0.091785 0.035989
vn 0.956814 0.254649 0.140220
vn 0.953263 0.293146 0.073185
vn 0.955514 0.291641 0.044030
vn 0.953666 0.298868 0.034631
vn 0.993146 0.071367 0.092567
vn 0.994020 0.087027 0.065965
vn 0.995672 0.085679 0.036005
vn 0.995247 0.094221 0.024635
vn 0.816023 0.573794 -0.069763
vn 0.729640 0.639697 -0.241688
vn 0.710636 0.702737 -0.034017
vn 0.681703 0.726389 -0.087408
vn 0.741208 0.667162 -0.074193
vn 0.715836 0.688040 -0.119079
vn 0.682979 0.728990 -0.045968
vn 0.664100 0.743294 -0.080532
vn 0.446897 0.894429 -0.016717
vn 0.446870 0.894442 -0.016758
vn 0.446674 0.894049 -0.034041
vn 0.446670 0.894051 -0.034047
vn 0.594009 0.804279 -0.016990
vn 0.582079 0.812289 -0.037034
vn 0.582118 0.812372 -0.034490
vn 0.574676 0.817005 -0.047443
vn 0.445159 0.891013 -0.089051
vn 0.445115 0.891027 -0.089129
vn 0.592616 0.802749 -0.066334
vn 0.580063 0.809564 -0.090180
vn 0.446142 0.893083 -0.057968
vn 0.446180 0.893068 -0.057904
vn 0.581699 0.812135 -0.045420
vn 0.574373 0.816485 -0.058719
vn 0.802832 0.582242 0.128278
vn 0.736060 0.676729 -0.015956
vn 0.736059 0.676828 0.010994
vn 0.718388 0.695365 -0.019660
vn 0.709435 0.704685 -0.011013
vn 0.681355 0.728547 -0.070533
vn 0.682507 0.730723 -0.015089
vn 0.665132 0.745163 -0.048274
vn -0.448745 0.893504 -0.016696
vn -0.448758 0.893497 -0.016715
vn -0.608227 0.793584 -0.016882
vn -0.608233 0.793579 -0.016893
vn -0.448559 0.893101 -0.034131
vn -0.448547 0.893108 -0.034110
vn -0.607958 0.793220 -0.034492
vn -0.608000 0.793184 -0.034574
vn -0.863880 0.503396 -0.017438
vn -0.863870 0.503414 -0.017410
vn -0.863454 0.503171 -0.035582
vn -0.863477 0.503127 -0.035652
vn -0.746961 0.664646 -0.017144
vn -0.746952 0.664657 -0.017126
vn -0.746601 0.664345 -0.035108
vn -0.746550 0.664409 -0.034988
vn -0.860334 0.501185 -0.092941
vn -0.860279 0.501326 -0.092696
vn -0.743863 0.662042 -0.091477
vn -0.743896 0.661992 -0.091576
vn -0.862418 0.502573 -0.060458
vn -0.862441 0.502524 -0.060540
vn -0.745705 0.663602 -0.059629
vn -0.745681 0.663635 -0.059565
vn -0.446957 0.890120 -0.088971
vn -0.447016 0.890078 -0.089093
vn -0.448046 0.892129 -0.057975
vn -0.448053 0.892125 -0.057988
vn -0.605876 0.790427 -0.090223
vn -0.605852 0.790452 -0.090165
vn -0.607281 0.792316 -0.058696
vn -0.607312 0.792287 -0.058764
vn -0.862718 -0.505383 -0.017482
vn -0.862790 -0.505267 -0.017300
vn -0.745418 -0.666377 -0.017126
vn -0.745365 -0.666434 -0.017231
vn -0.862379 -0.505026 -0.035374
vn -0.862304 -0.505140 -0.035568
vn -0.745017 -0.666122 -0.035091
vn -0.745132 -0.666005 -0.034852
vn -0.446897 -0.894429 -0.016717
vn -0.446870 -0.894442 -0.016759
vn -0.446674 -0.894049 -0.034041
vn -0.446670 -0.894051 -0.034047
vn -0.606447 -0.794942 -0.016986
vn -0.606513 -0.794895 -0.016876
vn -0.606238 -0.794535 -0.034477
vn -0.606170 -0.794582 -0.034598
vn -0.445159 -0.891013 -0.089051
vn -0.445115 -0.891027 -0.089129
vn -0.604090 -0.791800 -0.090154
vn -0.604097 -0.791796 -0.090141
vn -0.446142 -0.893083 -0.057968
vn -0.446180 -0.893068 -0.057904
vn -0.605523 -0.793665 -0.058635
vn -0.605488 -0.793687 -0.058700
vn -0.859094 -0.503330 -0.092830
vn -0.859109 -0.503310 -0.092790
vn -0.861246 -0.504562 -0.060597
vn -0.861267 -0.504533 -0.060541
vn -0.742423 -0.663666 -0.091405
vn -0.742398 -0.663687 -0.091458
vn -0.744196 -0.665293 -0.059648
vn -0.744264 -0.665229 -0.059502
vn 0.448745 -0.893504 -0.016696
vn 0.448758 -0.893497 -0.016716
vn 0.595601 -0.802438 -0.036781
vn 0.584068 -0.811529 -0.016902
vn 0.448559 -0.893101 -0.034131
vn 0.448547 -0.893108 -0.034110
vn 0.583654 -0.810614 -0.047455
vn 0.576730 -0.816202 -0.034583
vn 0.807342 -0.556534 -0.196137
vn 0.742526 -0.664970 -0.080437
vn 0.741719 -0.660713 -0.115377
vn 0.719273 -0.690515 -0.076397
vn 0.710819 -0.698308 -0.084281
vn 0.684720 -0.727977 -0.034748
vn 0.683638 -0.725500 -0.079295
vn 0.666792 -0.743800 -0.046369
vn 0.812423 -0.582240 -0.031072
vn 0.723656 -0.663275 0.190759
vn 0.709590 -0.700964 -0.071633
vn 0.684129 -0.729334 -0.006225
vn 0.737411 -0.675088 -0.021923
vn 0.719059 -0.694778 0.015405
vn 0.683686 -0.728138 -0.048866
vn 0.667088 -0.744866 -0.012942
vn 0.446957 -0.890120 -0.088971
vn 0.447016 -0.890078 -0.089093
vn 0.448046 -0.892129 -0.057976
vn 0.448053 -0.892124 -0.057988
vn 0.593351 -0.799869 -0.090250
vn 0.582856 -0.809915 -0.065705
vn 0.583089 -0.810284 -0.058722
vn 0.576524 -0.815827 -0.045233
vn 0.811984 0.475640 0.338302
vn 0.811977 0.475628 0.338335
vn 0.702686 0.628117 0.334218
vn 0.702737 0.628289 0.333787
vn 0.538118 0.315211 0.781710
vn 0.538068 0.315167 0.781763
vn 0.469383 0.419657 0.776896
vn 0.469227 0.419456 0.777099
vn 0.422484 0.845801 0.325773
vn 0.422491 0.845712 0.325996
vn 0.285788 0.572069 0.768806
vn 0.285854 0.572293 0.768615
vn 0.572646 0.750613 0.329632
vn 0.572633 0.750493 0.329927
vn 0.385180 0.504817 0.772526
vn 0.385245 0.504943 0.772411
vn 0.008459 0.016935 0.999821
vn -0.234207 -0.468793 0.851693
vn -0.234182 -0.468715 0.851742
vn -0.314967 -0.412832 0.854614
vn -0.314877 -0.412667 0.854727
vn 0.008453 0.016919 0.999821
vn 0.011330 0.014850 0.999826
vn 0.011329 0.014850 0.999826
vn 0.015655 0.009170 0.999835
vn -0.438414 -0.256827 0.861297
vn -0.438351 -0.256775 0.861345
vn 0.015658 0.009172 0.999835
vn -0.382936 -0.342381 0.857983
vn -0.382854 -0.342281 0.858059
vn 0.013730 0.012275 0.999830
vn 0.013725 0.012269 0.999831
vn 0.250724 0.912794 0.322405
vn 0.250755 0.912685 0.322688
vn 0.082386 0.943523 0.320899
vn 0.082344 0.943608 0.320662
vn 0.170471 0.620472 0.765477
vn 0.170473 0.620495 0.765457
vn 0.056125 0.643158 0.763674
vn 0.056116 0.643266 0.763583
vn -0.252626 0.912240 0.322487
vn -0.252624 0.912238 0.322494
vn -0.171651 0.619839 0.765725
vn -0.171816 0.620186 0.765407
vn -0.084336 0.943392 0.320779
vn -0.084301 0.943344 0.320929
vn -0.057487 0.643298 0.763455
vn -0.057419 0.643043 0.763674
vn -0.005106 0.018429 0.999817
vn 0.140877 -0.508671 0.849357
vn 0.140902 -0.508727 0.849320
vn 0.047182 -0.528004 0.847931
vn 0.047171 -0.527961 0.847957
vn -0.005102 0.018419 0.999817
vn -0.001712 0.019164 0.999815
vn -0.001710 0.019153 0.999815
vn -0.139860 -0.509104 0.849266
vn -0.139861 -0.509117 0.849257
vn 0.005067 0.018445 0.999817
vn 0.005066 0.018441 0.999817
vn -0.046065 -0.528273 0.847824
vn -0.046074 -0.528125 0.847916
vn 0.001672 0.019166 0.999815
vn 0.001672 0.019167 0.999815
vn -0.424286 0.844842 0.325919
vn -0.424407 0.844916 0.325570
vn -0.574385 0.749401 0.329362
vn -0.574312 0.749373 0.329553
vn -0.286992 0.571350 0.768892
vn -0.286872 0.571189 0.769057
vn -0.386146 0.503851 0.772674
vn -0.385992 0.503712 0.772842
vn -0.813165 0.473817 0.338024
vn -0.813144 0.473817 0.338073
vn -0.538682 0.313889 0.781854
vn -0.538437 0.313802 0.782057
vn -0.704210 0.626724 0.333625
vn -0.704203 0.626723 0.333643
vn -0.469800 0.418110 0.777478
vn -0.470159 0.418327 0.777144
vn -0.015673 0.009134 0.999835
vn 0.438716 -0.255620 0.861503
vn 0.438636 -0.255590 0.861552
vn 0.383526 -0.341346 0.858132
vn 0.383797 -0.341519 0.857942
vn -0.015684 0.009139 0.999835
vn -0.013749 0.012237 0.999831
vn -0.013767 0.012249 0.999830
vn 0.235086 -0.468079 0.851843
vn 0.235137 -0.468151 0.851789
vn -0.008493 0.016910 0.999821
vn -0.008491 0.016907 0.999821
vn 0.315745 -0.412038 0.854710
vn 0.315861 -0.412149 0.854614
vn -0.011365 0.014829 0.999825
vn -0.011359 0.014824 0.999826
vn -0.894928 0.286751 0.341874
vn -0.895040 0.286722 0.341604
vn -0.934256 0.095151 0.343673
vn -0.934351 0.095105 0.343429
vn -0.589480 0.188837 0.785401
vn -0.589507 0.188841 0.785380
vn -0.614089 0.062506 0.786758
vn -0.613837 0.062529 0.786953
vn -0.894243 -0.288849 0.341901
vn -0.894240 -0.288847 0.341908
vn -0.589132 -0.190294 0.785310
vn -0.589167 -0.190314 0.785279
vn -0.934078 -0.097399 0.343529
vn -0.934025 -0.097357 0.343685
vn -0.613868 -0.063986 0.786811
vn -0.613962 -0.064014 0.786735
vn -0.017065 -0.005512 0.999839
vn 0.479428 0.154914 0.863800
vn 0.478960 0.154674 0.864103
vn 0.499170 0.052028 0.864941
vn 0.499162 0.052025 0.864946
vn -0.017056 -0.005508 0.999839
vn -0.017730 -0.001848 0.999841
vn -0.017735 -0.001849 0.999841
vn 0.479221 -0.153557 0.864157
vn 0.479574 -0.153609 0.863952
vn -0.017076 0.005469 0.999839
vn -0.017072 0.005469 0.999839
vn 0.499080 -0.050820 0.865064
vn 0.499261 -0.050809 0.864961
vn -0.017745 0.001806 0.999841
vn -0.017733 0.001806 0.999841
vn -0.811984 -0.475640 0.338302
vn -0.811977 -0.475628 0.338335
vn -0.702686 -0.628117 0.334217
vn -0.702737 -0.628289 0.333787
vn -0.538118 -0.315211 0.781710
vn -0.538069 -0.315168 0.781762
vn -0.469178 -0.419473 0.777119
vn -0.469197 -0.419498 0.777095
vn -0.422484 -0.845801 0.325773
vn -0.422491 -0.845712 0.325995
vn -0.285788 -0.572069 0.768806
vn -0.285805 -0.572126 0.768757
vn -0.572646 -0.750613 0.329631
vn -0.572633 -0.750493 0.329927
vn -0.385043 -0.504637 0.772712
vn -0.385108 -0.504764 0.772596
vn -0.008456 -0.016928 0.999821
vn 0.234185 0.468807 0.851691
vn 0.234159 0.468726 0.851743
vn 0.314967 0.412832 0.854614
vn 0.314876 0.412666 0.854728
vn -0.008456 -0.016926 0.999821
vn -0.011336 -0.014858 0.999825
vn -0.011335 -0.014857 0.999825
vn 0.438145 0.256669 0.861481
vn 0.438079 0.256615 0.861531
vn -0.015658 -0.009172 0.999835
vn -0.015655 -0.009170 0.999835
vn 0.382754 0.342159 0.858153
vn 0.382854 0.342281 0.858060
vn -0.013730 -0.012275 0.999830
vn -0.013733 -0.012278 0.999830
vn -0.250724 -0.912794 0.322406
vn -0.250755 -0.912685 0.322688
vn -0.082386 -0.943523 0.320899
vn -0.082344 -0.943608 0.320662
vn -0.170471 -0.620472 0.765477
vn -0.170473 -0.620495 0.765457
vn -0.056125 -0.643158 0.763674
vn -0.056116 -0.643266 0.763583
vn 0.252626 -0.912240 0.322487
vn 0.252624 -0.912238 0.322494
vn 0.171651 -0.619839 0.765725
vn 0.171816 -0.620186 0.765407
vn 0.084336 -0.943392 0.320779
vn 0.084301 -0.943344 0.320929
vn 0.057487 -0.643298 0.763455
vn 0.057419 -0.643043 0.763674
vn 0.005106 -0.018429 0.999817
vn -0.140862 0.508674 0.849358
vn -0.140930 0.508827 0.849255
vn -0.047182 0.528004 0.847931
vn -0.047180 0.527996 0.847935
vn 0.005102 -0.018419 0.999817
vn 0.001712 -0.019164 0.999815
vn 0.001710 -0.019153 0.999815
vn 0.139860 0.509104 0.849266
vn 0.139849 0.509015 0.849321
vn -0.005066 -0.018440 0.999817
vn -0.005066 -0.018441 0.999817
vn 0.046062 0.528239 0.847845
vn 0.046071 0.528092 0.847937
vn -0.001672 -0.019166 0.999815
vn -0.001672 -0.019167 0.999815
vn 0.424286 -0.844842 0.325919
vn 0.424407 -0.844916 0.325570
vn 0.574385 -0.749401 0.329362
vn 0.574312 -0.749373 0.329554
vn 0.286993 -0.571350 0.768892
vn 0.286872 -0.571189 0.769057
vn 0.386147 -0.503852 0.772673
vn 0.385993 -0.503712 0.772841
vn 0.813165 -0.473816 0.338024
vn 0.813144 -0.473817 0.338075
vn 0.538682 -0.313889 0.781854
vn 0.538437 -0.313802 0.782057
vn 0.704209 -0.626724 0.333626
vn 0.704203 -0.626723 0.333643
vn 0.469800 -0.418110 0.777478
vn 0.470160 -0.418328 0.777143
vn 0.015673 -0.009134 0.999835
vn -0.438716 0.255621 0.861503
vn -0.438636 0.255590 0.861552
vn -0.383526 0.341345 0.858132
vn -0.383797 0.341519 0.857942
vn 0.015684 -0.009139 0.999835
vn 0.013749 -0.012237 0.999831
vn 0.013767 -0.012249 0.999830
vn -0.235187 0.468221 0.851737
vn -0.235137 0.468151 0.851789
vn 0.008493 -0.016910 0.999821
vn 0.008491 -0.016907 0.999821
vn -0.315745 0.412038 0.854710
vn -0.315861 0.412149 0.854614
vn 0.011365 -0.014829 0.999825
vn 0.011359 -0.014824 0.999826
vn 0.894929 -0.286750 0.341872
vn 0.895040 -0.286722 0.341604
vn 0.934255 -0.095152 0.343677
vn 0.934352 -0.095105 0.343427
vn 0.589479 -0.188837 0.785402
vn 0.589507 -0.188840 0.785380
vn 0.614091 -0.062506 0.786756
vn 0.613835 -0.062529 0.786954
vn 0.894243 0.288849 0.341901
vn 0.894241 0.288847 0.341907
vn 0.589130 0.190294 0.785311
vn 0.589167 0.190314 0.785279
vn 0.934078 0.097400 0.343527
vn 0.934023 0.097357 0.343689
vn 0.613868 0.063986 0.786811
vn 0.613964 0.064015 0.786734
vn -0.479263 -0.154829 0.863907
vn -0.479116 -0.154754 0.864002
vn -0.498828 -0.051934 0.865144
vn -0.499162 -0.052025 0.864946
vn 0.017069 0.005514 0.999839
vn 0.017065 0.005512 0.999839
vn 0.017730 0.001846 0.999841
vn 0.017749 0.001851 0.999841
vn -0.479221 0.153557 0.864157
vn -0.479571 0.153609 0.863954
vn 0.017076 -0.005469 0.999839
vn 0.017072 -0.005469 0.999839
vn -0.499077 0.050820 0.865066
vn -0.499261 0.050809 0.864961
vn 0.017745 -0.001806 0.999841
vn 0.017733 -0.001806 0.999841
vn 0.410199 0.821091 -0.396922
vn 0.410136 0.821052 -0.397067
vn 0.555604 0.728221 -0.401247
vn 0.555671 0.728246 -0.401109
vn 0.238942 0.478339 -0.845043
vn 0.245809 0.486088 -0.838628
vn 0.305190 0.399973 -0.864222
vn 0.320820 0.411609 -0.853026
vn 0.786649 0.460776 -0.410937
vn 0.786491 0.460782 -0.411233
vn 0.396795 0.232471 -0.887981
vn 0.400150 0.233271 -0.886264
vn 0.681267 0.609062 -0.406103
vn 0.681250 0.609059 -0.406136
vn 0.354025 0.316510 -0.880050
vn 0.365884 0.322066 -0.873156
vn 0.000000 0.000000 -1.000000
vn 0.000000 -0.000000 -1.000000
vn 0.000000 0.000000 -1.000000
vn 0.000000 0.000000 -1.000000
vn 0.089440 0.051360 -0.994667
vn 0.087754 0.051157 -0.994828
vn 0.087515 0.073342 -0.993460
vn 0.080859 0.071176 -0.994181
vn 0.000000 -0.000000 -1.000000
vn 0.000000 0.000000 -1.000000
vn 0.070003 0.132813 -0.988666
vn 0.064199 0.126954 -0.989829
vn 0.000000 0.000000 -1.000000
vn 0.000000 0.000000 -1.000000
vn 0.086216 0.102867 -0.990952
vn 0.074997 0.096220 -0.992531
vn -0.245382 0.886097 -0.393217
vn -0.245383 0.886093 -0.393225
vn -0.081915 0.916669 -0.391161
vn -0.081938 0.916625 -0.391261
vn -0.128752 0.464931 -0.875935
vn -0.128717 0.461364 -0.877824
vn -0.044872 0.501980 -0.863715
vn -0.047104 0.488151 -0.871487
vn 0.243467 0.886476 -0.393553
vn 0.243531 0.886535 -0.393382
vn 0.145334 0.529065 -0.836043
vn 0.140196 0.520005 -0.842579
vn 0.079956 0.916726 -0.391433
vn 0.080038 0.916836 -0.391160
vn 0.046391 0.531407 -0.845846
vn 0.039602 0.511605 -0.858308
vn 0.000000 0.000000 -1.000000
vn 0.000000 0.000000 -1.000000
vn 0.000000 0.000000 -1.000000
vn 0.000000 0.000000 -1.000000
vn 0.034941 0.138759 -0.989710
vn 0.039468 0.146394 -0.988439
vn 0.005476 0.124097 -0.992255
vn 0.010721 0.138496 -0.990305
vn 0.000000 0.000000 -1.000000
vn 0.000000 0.000000 -1.000000
vn -0.029338 0.102801 -0.994269
vn -0.029221 0.104737 -0.994071
vn 0.000000 0.000000 -1.000000
vn 0.000000 0.000000 -1.000000
vn -0.013206 0.111062 -0.993726
vn -0.011514 0.119319 -0.992789
vn -0.787593 0.458937 -0.411187
vn -0.787555 0.458866 -0.411337
vn -0.682619 0.607474 -0.406211
vn -0.682640 0.607545 -0.406068
vn -0.448277 0.261187 -0.854886
vn -0.455521 0.268622 -0.848730
vn -0.371709 0.330819 -0.867405
vn -0.382555 0.347848 -0.855952
vn -0.411937 0.820292 -0.396773
vn -0.411950 0.820146 -0.397062
vn -0.213287 0.424631 -0.879885
vn -0.213997 0.428223 -0.877969
vn -0.557214 0.726986 -0.401253
vn -0.557212 0.726967 -0.401289
vn -0.292175 0.381186 -0.877115
vn -0.297126 0.393665 -0.869910
vn 0.000000 0.000000 -1.000000
vn 0.000000 0.000000 -1.000000
vn 0.000000 0.000000 -1.000000
vn 0.000000 0.000000 -1.000000
vn -0.047528 0.096551 -0.994193
vn -0.047342 0.094734 -0.994376
vn -0.067898 0.094488 -0.993208
vn -0.065898 0.087309 -0.993999
vn 0.000000 0.000000 -1.000000
vn 0.000000 -0.000000 -1.000000
vn -0.123134 0.075730 -0.989496
vn -0.117617 0.069359 -0.990634
vn 0.000000 0.000000 -1.000000
vn 0.000000 -0.000000 -1.000000
vn -0.095236 0.093102 -0.991091
vn -0.089101 0.081018 -0.992722
vn -0.865758 -0.279644 -0.415044
vn -0.865637 -0.279676 -0.415276
vn -0.903984 -0.094224 -0.417054
vn -0.904099 -0.094167 -0.416819
vn -0.436703 -0.141093 -0.888472
vn -0.433362 -0.141022 -0.890118
vn -0.473306 -0.049298 -0.879517
vn -0.459819 -0.051696 -0.886507
vn -0.866292 0.277514 -0.415360
vn -0.866354 0.277588 -0.415182
vn -0.499046 0.159899 -0.851696
vn -0.490269 0.154191 -0.857824
vn -0.904232 0.092087 -0.416995
vn -0.904225 0.092082 -0.417010
vn -0.502188 0.051140 -0.863245
vn -0.482742 0.043585 -0.874677
vn 0.000000 0.000000 -1.000000
vn 0.000000 -0.000000 -1.000000
vn 0.000000 -0.000000 -1.000000
vn 0.000000 -0.000000 -1.000000
vn -0.128688 0.037798 -0.990965
vn -0.135802 0.042710 -0.989815
vn -0.115026 0.005905 -0.993345
vn -0.128456 0.011598 -0.991647
vn 0.000000 -0.000000 -1.000000
vn 0.000000 0.000000 -1.000000
vn -0.095256 -0.031697 -0.994948
vn -0.097023 -0.031573 -0.994781
vn 0.000000 -0.000000 -1.000000
vn 0.000000 0.000000 -1.000000
vn -0.102896 -0.014271 -0.994590
vn -0.110598 -0.012434 -0.993787
vn 0.961090 0.248993 0.119616
vn 0.910522 0.219270 0.350530
vn 0.987231 0.075269 0.140390
vn 0.979653 0.057587 0.192260
vn 0.927282 0.203567 0.314178
vn 0.876638 0.209645 0.433076
vn 0.933794 0.074095 0.350055
vn 0.905425 0.060593 0.420159
vn 0.919552 -0.285434 0.270097
vn 0.977285 -0.134569 0.163724
vn 0.888141 -0.235622 0.394573
vn 0.924267 -0.162238 0.345556
vn 0.979733 -0.076392 0.185171
vn 0.988842 -0.049272 0.140585
vn 0.909751 -0.077401 0.407876
vn 0.935341 -0.048243 0.350443
vn 0.687222 -0.319862 0.652238
vn 0.076996 -0.504958 0.859703
vn 0.139184 -0.472880 0.870064
vn -0.095574 -0.151109 0.983886
vn -0.127692 -0.162487 0.978413
vn 0.683380 -0.323539 0.654457
vn 0.561730 -0.115133 0.819270
vn 0.573919 -0.110275 0.811454
vn 0.682099 0.323754 0.655686
vn 0.158924 0.495837 0.853750
vn 0.061632 0.480152 0.875017
vn 0.688722 0.322852 0.649175
vn -0.091444 0.161915 0.982559
vn -0.128543 0.150626 0.980198
vn 0.576282 0.115459 0.809054
vn 0.561539 0.113215 0.819668
vn 0.911869 0.409246 0.031827
vn 0.851495 0.489301 -0.188523
vn 0.846364 0.531150 0.039337
vn 0.828055 0.560645 0.001047
vn 0.930502 0.356210 -0.085321
vn 0.893869 0.447633 0.024948
vn 0.877241 0.479904 -0.011839
vn 0.918502 0.336786 0.207196
vn 0.838440 0.521094 0.159622
vn 0.909393 0.321647 0.263717
vn 0.875854 0.409026 0.256079
vn 0.839785 0.529385 0.120465
vn 0.823335 0.559080 0.097721
vn 0.886496 0.441677 0.138010
vn 0.867585 0.484009 0.114152
vn 0.448612 0.749501 0.486822
vn 0.480482 0.720644 0.499809
vn 0.637483 0.749192 0.179797
vn 0.635608 0.751190 0.178091
vn 0.804841 0.464357 0.369598
vn 0.792626 0.486230 0.367865
vn 0.842420 0.514101 0.161334
vn 0.831697 0.534604 0.149930
vn 0.887948 0.327388 0.323055
vn 0.794751 0.301145 0.526956
vn 0.901448 0.101439 0.420834
vn 0.881727 0.091991 0.462704
vn 0.623334 0.343540 0.702449
vn 0.603334 0.340791 0.721006
vn 0.507596 0.107100 0.854913
vn 0.509804 0.107634 0.853531
vn 0.815373 -0.341528 0.467467
vn 0.893773 -0.253450 0.370043
vn 0.607626 -0.344551 0.715595
vn 0.621283 -0.335044 0.708345
vn 0.883517 -0.100361 0.457521
vn 0.902721 -0.087028 0.421331
vn 0.509516 -0.105800 0.853932
vn 0.507977 -0.106291 0.854788
vn 0.294496 -0.378724 0.877405
vn -0.018976 -0.406244 0.913567
vn 0.010208 -0.397258 0.917650
vn -0.107184 -0.116160 0.987430
vn -0.117711 -0.119359 0.985849
vn 0.249481 -0.397441 0.883063
vn 0.089178 -0.119539 0.988816
vn 0.121622 -0.110653 0.986389
vn 0.241511 0.381539 0.892245
vn 0.015669 0.408521 0.912614
vn -0.023905 0.395284 0.918248
vn 0.305550 0.394779 0.866481
vn -0.106682 0.119358 0.987103
vn -0.118154 0.115467 0.986259
vn 0.125585 0.120052 0.984792
vn 0.088991 0.110456 0.989889
vn 0.749602 -0.639128 0.172083
vn 0.848799 -0.476757 0.228567
vn 0.740741 -0.671712 0.010243
vn 0.756569 -0.653262 0.029198
vn 0.712974 -0.603547 0.356931
vn 0.743247 -0.563674 0.360356
vn 0.743951 -0.667410 0.033168
vn 0.753739 -0.655890 0.041062
vn 0.878454 -0.456275 -0.141886
vn 0.763449 -0.512649 -0.392857
vn 0.873449 -0.388080 -0.294077
vn 0.802623 -0.419556 -0.423993
vn 0.780232 -0.615946 -0.108850
vn 0.740266 -0.650520 -0.169795
vn 0.807617 -0.568581 -0.156429
vn 0.752577 -0.617724 -0.228134
vn 0.805628 -0.416275 -0.421520
vn 0.670120 -0.516405 -0.533165
vn 0.669781 -0.516508 -0.533492
vn 0.648350 -0.710728 -0.272963
vn 0.637631 -0.717332 -0.280823
vn 0.761810 -0.435462 -0.479603
vn 0.726112 -0.634122 -0.265802
vn 0.766700 -0.601029 -0.225690
vn 0.270420 -0.777450 0.567843
vn 0.310871 -0.758151 0.573207
vn 0.541279 -0.688805 0.482250
vn 0.555026 -0.677415 0.482758
vn 0.522175 -0.848637 0.084548
vn 0.549104 -0.830384 0.094591
vn 0.675836 -0.734977 0.055259
vn 0.690074 -0.721015 0.062733
vn -0.058056 0.403133 0.913298
vn -0.124534 0.118705 0.985089
vn -0.122521 0.119496 0.985246
vn -0.053368 0.406033 0.912299
vn -0.061793 0.401863 0.913612
vn -0.096049 0.120450 0.988062
vn -0.098763 0.119184 0.987948
vn -0.049980 -0.403898 0.913437
vn -0.056044 -0.405972 0.912165
vn -0.059560 -0.405672 0.912076
vn -0.052870 -0.402790 0.913764
vn -0.122144 -0.119209 0.985327
vn -0.124146 -0.119914 0.984992
vn -0.098263 -0.120753 0.987807
vn -0.095730 -0.119653 0.988190
vn 0.021426 -0.395576 0.918183
vn 0.014656 -0.400546 0.916160
vn 0.007396 -0.117753 0.993015
vn 0.004902 -0.119518 0.992820
vn -0.022513 -0.398589 0.916853
vn -0.032587 -0.404285 0.914052
vn -0.047158 -0.118605 0.991821
vn -0.051158 -0.120812 0.991356
vn 0.013276 0.395348 0.918435
vn 0.020860 0.400895 0.915886
vn -0.034962 0.397681 0.916857
vn -0.022893 0.404860 0.914092
vn 0.004535 0.117732 0.993035
vn 0.007167 0.119606 0.992796
vn -0.051709 0.118326 0.991628
vn -0.047516 0.120713 0.991550
vn 0.159828 -0.787942 0.594644
vn 0.152320 -0.790956 0.592610
vn 0.367461 -0.921529 0.125523
vn 0.364188 -0.923029 0.124034
vn 0.073043 -0.791756 0.606454
vn 0.080907 -0.788459 0.609743
vn 0.231410 -0.960611 0.153869
vn 0.235783 -0.959117 0.156530
vn 0.553268 -0.598262 -0.579635
vn 0.557055 -0.598007 -0.576262
vn 0.443524 -0.659694 -0.606704
vn 0.443148 -0.659641 -0.607037
vn 0.493716 -0.822717 -0.281747
vn 0.494643 -0.822387 -0.281083
vn 0.359315 -0.891800 -0.274928
vn 0.360709 -0.891578 -0.273819
vn 0.219354 -0.729064 -0.648344
vn 0.227199 -0.732584 -0.641640
vn 0.171131 -0.948850 -0.265325
vn 0.174636 -0.949178 -0.261846
vn 0.330534 -0.701725 -0.631134
vn 0.336367 -0.703579 -0.625966
vn 0.251542 -0.929934 -0.268235
vn 0.253596 -0.929913 -0.266367
vn 0.063830 -0.777223 0.625980
vn 0.056423 -0.781873 0.620880
vn 0.056435 -0.781873 0.620878
vn 0.045194 -0.787569 0.614567
vn 0.116556 -0.975628 0.185914
vn 0.114520 -0.976234 0.183991
vn 0.155714 -0.971789 0.177143
vn 0.150141 -0.973457 0.172743
vn 0.649894 0.273097 -0.709265
vn 0.655933 0.267299 -0.705905
vn 0.634363 0.085038 -0.768344
vn 0.637668 0.083016 -0.765825
vn 0.807627 0.192421 -0.557416
vn 0.779844 0.227588 -0.583135
vn 0.806737 0.058423 -0.588016
vn 0.792362 0.069133 -0.606121
vn 0.656602 -0.268326 -0.704894
vn 0.650486 -0.267761 -0.710755
vn 0.775330 -0.208984 -0.595978
vn 0.809136 -0.210390 -0.548666
vn 0.637776 -0.082407 -0.765801
vn 0.634685 -0.081320 -0.768480
vn 0.790762 -0.058723 -0.609300
vn 0.806534 -0.064634 -0.587643
vn 0.950128 -0.262693 -0.168072
vn 0.887802 -0.213617 -0.407645
vn 0.980679 -0.075933 -0.180288
vn 0.970714 -0.055157 -0.233820
vn 0.911117 -0.196744 -0.362156
vn 0.850196 -0.185932 -0.492541
vn 0.927875 -0.067088 -0.366807
vn 0.898584 -0.047281 -0.436247
vn 0.897006 0.298320 -0.326169
vn 0.967742 0.141203 -0.208655
vn 0.860549 0.232642 -0.453137
vn 0.909320 0.144162 -0.390326
vn 0.970547 0.081477 -0.226716
vn 0.982135 0.052800 -0.180621
vn 0.902494 0.074408 -0.424226
vn 0.929111 0.042203 -0.367385
vn 0.847923 0.478493 0.228193
vn 0.748259 0.640789 0.171748
vn 0.742289 0.565150 0.360016
vn 0.711859 0.605042 0.356624
vn 0.755160 0.654889 0.029214
vn 0.739253 0.673350 0.010223
vn 0.752433 0.657390 0.041037
vn 0.742620 0.668892 0.033152
vn 0.268520 0.778088 0.567870
vn 0.308820 0.759033 0.573148
vn 0.520003 0.849949 0.084756
vn 0.547233 0.831589 0.094843
vn 0.539540 0.690318 0.482034
vn 0.553897 0.678490 0.482544
vn 0.674535 0.736164 0.055356
vn 0.688624 0.722401 0.062719
vn 0.668802 0.518192 -0.533086
vn 0.669138 0.518091 -0.532763
vn 0.805036 0.418111 -0.420833
vn 0.761070 0.437284 -0.479119
vn 0.646703 0.712300 -0.272770
vn 0.636265 0.718706 -0.280407
vn 0.765473 0.602633 -0.225577
vn 0.724916 0.635586 -0.265571
vn 0.877443 0.458282 -0.141675
vn 0.762380 0.514421 -0.392617
vn 0.778872 0.617668 -0.108833
vn 0.738829 0.652160 -0.169763
vn 0.872550 0.390232 -0.293897
vn 0.801957 0.421458 -0.423365
vn 0.806488 0.570195 -0.156381
vn 0.751375 0.619232 -0.228008
vn -0.168637 0.512475 0.841981
vn -0.127985 0.530592 0.837909
vn -0.286920 0.159335 0.944611
vn -0.272933 0.167478 0.947343
vn -0.272790 0.525664 0.805769
vn -0.261300 0.533207 0.804620
vn -0.364177 0.164720 0.916647
vn -0.359024 0.169064 0.917888
vn -0.135898 -0.513740 0.847115
vn -0.159850 -0.531062 0.832118
vn -0.262486 -0.527304 0.808116
vn -0.268698 -0.534014 0.801642
vn -0.273998 -0.160877 0.948179
vn -0.285958 -0.168550 0.943302
vn -0.359028 -0.166624 0.918333
vn -0.363302 -0.170736 0.915894
vn -0.404742 -0.512615 0.757238
vn -0.409390 -0.521923 0.748329
vn -0.474906 -0.164253 0.864572
vn -0.477033 -0.167497 0.862777
vn -0.342008 -0.526651 0.778248
vn -0.343682 -0.529191 0.775783
vn -0.420702 -0.169046 0.891310
vn -0.420685 -0.169023 0.891322
vn -0.414272 0.510607 0.753432
vn -0.402927 0.521065 0.752424
vn -0.346190 0.525215 0.777369
vn -0.342925 0.527870 0.777017
vn -0.477985 0.161466 0.863400
vn -0.475145 0.164947 0.864309
vn -0.421392 0.166706 0.891425
vn -0.421192 0.166918 0.891479
vn 0.741461 -0.608956 -0.281795
vn 0.704491 -0.622104 -0.341582
vn 0.714294 -0.698192 -0.048085
vn 0.692523 -0.717157 -0.078089
vn 0.876119 -0.437083 -0.203404
vn 0.873970 -0.439045 -0.208364
vn 0.859651 -0.510487 -0.020076
vn 0.859979 -0.509959 -0.019476
vn 0.450636 -0.747976 0.487298
vn 0.482028 -0.719348 0.500188
vn 0.805334 -0.462730 0.370564
vn 0.792960 -0.485001 0.368767
vn 0.639066 -0.747739 0.180224
vn 0.636985 -0.749967 0.178324
vn 0.843046 -0.512957 0.161704
vn 0.832388 -0.533420 0.150309
vn 0.839458 -0.519411 0.159757
vn 0.919233 -0.334593 0.207505
vn 0.824482 -0.557358 0.097889
vn 0.840826 -0.527702 0.120593
vn 0.876423 -0.407419 0.256697
vn 0.909871 -0.319691 0.264446
vn 0.868287 -0.482703 0.114350
vn 0.887212 -0.440126 0.138363
vn 0.912736 -0.407325 0.031625
vn 0.852384 -0.487566 -0.189001
vn 0.931107 -0.354469 -0.085972
vn 0.907125 -0.385787 -0.168204
vn 0.847399 -0.529508 0.039191
vn 0.829220 -0.558921 0.001036
vn 0.894498 -0.446384 0.024806
vn 0.877960 -0.478586 -0.011898
vn 0.681818 0.422791 -0.596969
vn 0.726805 0.369735 -0.578836
vn 0.664151 0.143332 -0.733730
vn 0.682844 0.126178 -0.719585
vn 0.852515 0.293811 -0.432311
vn 0.863442 0.276176 -0.422132
vn 0.823383 0.102976 -0.558064
vn 0.830122 0.096861 -0.549104
vn 0.729006 -0.398183 -0.556778
vn 0.686906 -0.385933 -0.615804
vn 0.865259 -0.281453 -0.414863
vn 0.852686 -0.281525 -0.440079
vn 0.684564 -0.137655 -0.715837
vn 0.665987 -0.125667 -0.735302
vn 0.830516 -0.098163 -0.548277
vn 0.824130 -0.095229 -0.558337
vn 0.967437 -0.252995 0.007721
vn 0.939120 -0.232739 -0.252756
vn 0.996624 -0.076798 -0.029043
vn 0.994188 -0.060961 -0.088732
vn 0.953195 -0.216356 -0.211209
vn 0.927657 -0.217994 -0.303200
vn 0.958868 -0.078734 -0.272715
vn 0.942167 -0.066983 -0.328383
vn 0.941603 0.295577 -0.161303
vn 0.987539 0.150786 -0.045070
vn 0.931982 0.241981 -0.269914
vn 0.953439 0.188806 -0.235174
vn 0.993441 0.082984 -0.078665
vn 0.997912 0.057643 -0.029124
vn 0.944989 0.085299 -0.315786
vn 0.959901 0.063108 -0.273143
vn 0.336000 0.848042 -0.409792
vn 0.335959 0.847512 -0.410919
vn 0.350712 0.840682 -0.412619
vn 0.352381 0.844855 -0.402552
vn 0.136643 0.981552 -0.133733
vn 0.137328 0.983115 -0.120938
vn 0.181046 0.973923 -0.136734
vn 0.184879 0.975751 -0.117170
vn 0.510328 0.760285 -0.401911
vn 0.532485 0.765794 -0.360581
vn 0.426020 0.896368 -0.122600
vn 0.443944 0.891179 -0.093348
vn 0.403146 0.816672 -0.412941
vn 0.411345 0.824466 -0.388653
vn 0.268321 0.953776 -0.135331
vn 0.277975 0.954249 -0.110174
vn 0.121468 0.859518 0.496462
vn 0.131850 0.851999 0.506668
vn -0.046152 0.875895 0.480290
vn -0.047721 0.877293 0.477576
vn 0.323071 0.930229 0.174066
vn 0.315843 0.934422 0.164614
vn 0.138389 0.976552 0.164910
vn 0.130373 0.980412 0.147635
vn -0.222713 0.856684 0.465287
vn -0.227278 0.867035 0.443391
vn -0.039454 0.986094 0.161440
vn -0.041985 0.989397 0.139034
vn -0.148364 0.869928 0.470333
vn -0.153524 0.876817 0.455656
vn 0.029240 0.986450 0.161438
vn 0.023607 0.989918 0.139658
vn -0.739721 -0.433335 0.514814
vn -0.739665 -0.433277 0.514943
vn -0.641801 -0.573831 0.508733
vn -0.641670 -0.573627 0.509129
vn -0.853810 -0.500140 0.144458
vn -0.853802 -0.500205 0.144283
vn -0.737946 -0.659694 0.142266
vn -0.737952 -0.659676 0.142316
vn -0.387328 -0.775282 0.498915
vn -0.387302 -0.775152 0.499135
vn -0.442646 -0.885918 0.138618
vn -0.442606 -0.885964 0.138446
vn -0.523992 -0.686726 0.503825
vn -0.524119 -0.687042 0.503262
vn -0.600541 -0.787219 0.140131
vn -0.600566 -0.787175 0.140271
vn -0.446101 -0.892962 0.060112
vn -0.307266 0.905888 0.291471
vn -0.379107 0.877858 0.292648
vn -0.520128 0.744865 0.417904
vn -0.458795 0.778302 0.428663
vn -0.119311 0.904589 0.409249
vn -0.184251 0.887447 0.422480
vn -0.233913 0.707554 0.666822
vn -0.300144 0.680199 0.668763
vn -0.654854 0.547431 0.521042
vn 0.884827 0.350063 0.307470
vn 0.850224 0.428270 0.306110
vn 0.701818 0.571536 0.425203
vn 0.739916 0.508771 0.440087
vn 0.890022 0.136923 0.434871
vn 0.869403 0.210541 0.447002
vn 0.676577 0.260846 0.688624
vn 0.646521 0.332754 0.686503
vn 0.499791 0.697370 0.513696
vn 0.356023 0.749745 0.557791
vn 0.344879 0.761647 0.548591
vn 0.212206 0.468646 0.857520
vn 0.206096 0.480834 0.852246
vn 0.525631 0.665140 0.530378
vn 0.390616 0.398018 0.830061
vn 0.374040 0.431682 0.820820
vn 0.068705 0.160293 0.984676
vn 0.307266 -0.905888 0.291471
vn 0.379107 -0.877858 0.292647
vn 0.520128 -0.744865 0.417904
vn 0.458864 -0.778268 0.428653
vn 0.119311 -0.904589 0.409249
vn 0.184251 -0.887447 0.422480
vn 0.233892 -0.707548 0.666836
vn 0.300158 -0.680174 0.668782
vn 0.654885 -0.547442 0.520993
vn 0.715678 -0.396397 0.575043
vn 0.728539 -0.384780 0.566724
vn 0.439198 -0.231964 0.867927
vn 0.451155 -0.225496 0.863488
vn 0.621217 -0.572610 0.534983
vn 0.368052 -0.421294 0.828884
vn 0.400350 -0.404674 0.822167
vn 0.148640 -0.074293 0.986097
vn 0.000000 0.000000 1.000000
vn 0.000000 0.000000 1.000000
vn -0.155759 0.065454 0.985624
vn -0.153892 0.060616 0.986227
vn -0.066839 -0.165120 0.984006
vn -0.068698 -0.160296 0.984675
vn -0.229779 -0.113046 0.966655
vn -0.236363 -0.096112 0.966900
vn -0.467610 0.184185 0.864533
vn -0.770951 0.265971 0.578701
vn -0.771433 0.283796 0.569518
vn -0.833751 0.069213 0.547786
vn -0.839087 0.113413 0.532044
vn -0.463610 0.170553 0.869470
vn -0.542956 -0.018336 0.839561
vn -0.554584 0.018501 0.831922
vn -0.869364 -0.210573 0.447063
vn -0.884826 -0.350063 0.307471
vn -0.850224 -0.428270 0.306110
vn -0.701756 -0.571592 0.425231
vn -0.739851 -0.508840 0.440118
vn -0.890020 -0.136814 0.434910
vn -0.676519 -0.260889 0.688664
vn -0.646511 -0.332685 0.686545
vn -0.206083 -0.480860 0.852235
vn -0.356030 -0.749760 0.557765
vn -0.344915 -0.761631 0.548590
vn -0.212220 -0.468618 0.857532
vn -0.525631 -0.665140 0.530378
vn -0.499791 -0.697370 0.513696
vn -0.390631 -0.398052 0.830038
vn -0.374078 -0.431666 0.820811
vn 0.000000 0.000000 1.000000
vn 0.000000 0.000000 1.000000
vn -0.056030 -0.165920 0.984546
vn -0.060490 -0.167926 0.983942
vn 0.153113 -0.072300 0.985560
vn 0.104332 -0.247271 0.963313
vn 0.088637 -0.254240 0.963071
vn -0.236135 -0.797956 0.554533
vn -0.251977 -0.798915 0.546117
vn -0.060590 -0.852776 0.518751
vn -0.099442 -0.858123 0.503723
vn -0.155477 -0.492953 0.856052
vn -0.167909 -0.497221 0.851221
vn 0.016574 -0.572532 0.819714
vn -0.016711 -0.584203 0.811436
vn 0.000000 0.000000 1.000000
vn 0.000000 0.000000 1.000000
vn 0.153892 -0.060616 0.986227
vn 0.155750 -0.065432 0.985627
vn 0.066845 0.165118 0.984006
vn 0.229756 0.113055 0.966660
vn 0.236339 0.096122 0.966905
vn 0.770955 -0.266075 0.578648
vn 0.771433 -0.283796 0.569518
vn 0.833771 -0.069105 0.547768
vn 0.839124 -0.113434 0.531980
vn 0.463610 -0.170553 0.869470
vn 0.467609 -0.184185 0.864533
vn 0.542956 0.018336 0.839561
vn 0.554584 -0.018501 0.831922
vn -0.715647 0.396379 0.575094
vn -0.728507 0.384763 0.566776
vn -0.439198 0.231964 0.867927
vn -0.451155 0.225496 0.863488
vn -0.621190 0.572597 0.535028
vn -0.368052 0.421294 0.828884
vn -0.400402 0.404647 0.822155
vn 0.000000 0.000000 1.000000
vn 0.000000 0.000000 1.000000
vn 0.056030 0.165920 0.984546
vn 0.060482 0.167923 0.983943
vn -0.153133 0.072291 0.985558
vn -0.148640 0.074293 0.986097
vn -0.104318 0.247277 0.963313
vn -0.088649 0.254234 0.963071
vn 0.236132 0.797945 0.554550
vn 0.252003 0.798905 0.546119
vn 0.060590 0.852776 0.518751
vn 0.099442 0.858123 0.503723
vn 0.155497 0.492960 0.856044
vn 0.167909 0.497221 0.851221
vn -0.016574 0.572532 0.819714
vn 0.016709 0.584202 0.811436
vn -0.859079 -0.475539 0.189331
vn -0.854298 -0.481934 0.194718
vn -0.857806 -0.500368 0.117478
vn -0.857074 -0.501478 0.118082
vn -0.737393 -0.641277 0.212166
vn -0.724487 -0.652055 0.223480
vn -0.738400 -0.663334 0.121462
vn -0.733390 -0.668259 0.124773
vn -0.859925 -0.505292 0.072174
vn -0.861679 -0.504851 0.051338
vn -0.861693 -0.504827 0.051324
vn -0.744574 -0.665623 0.050555
vn -0.744547 -0.665652 0.050575
vn -0.860615 -0.504195 0.071620
vn -0.743520 -0.664734 0.072849
vn -0.739980 -0.668426 0.075077
vn -0.605845 -0.794019 0.049853
vn -0.446336 -0.893511 0.049209
vn -0.446303 -0.893527 0.049228
vn -0.445467 -0.891771 0.079400
vn -0.443640 -0.892603 0.080267
vn -0.605854 -0.794012 0.049848
vn -0.600129 -0.796008 0.078837
vn -0.604839 -0.792681 0.076331
vn -0.413673 -0.871149 0.264526
vn -0.424610 -0.867602 0.258792
vn -0.559698 -0.789137 0.252983
vn -0.580646 -0.778083 0.239661
vn -0.435158 -0.889153 0.141575
vn -0.440758 -0.886804 0.138964
vn -0.585741 -0.798938 0.136400
vn -0.597673 -0.791132 0.129989
vn -0.263081 -0.928497 0.262071
vn -0.274235 -0.926703 0.256935
vn -0.264209 -0.954233 0.140117
vn -0.270013 -0.952963 0.137673
vn -0.093013 -0.965069 0.244928
vn -0.117989 -0.964721 0.235354
vn -0.090432 -0.987085 0.132231
vn -0.104469 -0.986415 0.126773
vn -0.264614 -0.963124 0.048702
vn -0.264591 -0.963129 0.048714
vn -0.086845 -0.995044 0.048424
vn -0.086827 -0.995045 0.048434
vn -0.264069 -0.961229 0.079418
vn -0.266017 -0.960762 0.078559
vn -0.086674 -0.993294 0.076514
vn -0.092056 -0.992984 0.074215
vn 0.088954 -0.994857 0.048435
vn 0.266590 -0.962579 0.048695
vn 0.266575 -0.962584 0.048687
vn 0.266279 -0.961458 0.068508
vn 0.264998 -0.961854 0.067914
vn 0.088871 -0.994867 0.048391
vn 0.083957 -0.994023 0.069777
vn 0.088746 -0.993460 0.071845
vn 0.287953 -0.939531 0.185376
vn 0.275675 -0.944047 0.181046
vn 0.079648 -0.975421 0.205453
vn 0.101309 -0.971961 0.212199
vn 0.266917 -0.957170 0.112162
vn 0.265556 -0.957619 0.111559
vn 0.078917 -0.990055 0.116457
vn 0.086329 -0.989101 0.119278
vn 0.427739 -0.884413 0.186688
vn 0.421615 -0.888461 0.181325
vn 0.445634 -0.888015 0.113318
vn 0.444443 -0.888696 0.112645
vn 0.584623 -0.783952 0.208891
vn 0.595867 -0.772215 0.220513
vn 0.605735 -0.786603 0.119755
vn 0.610998 -0.781982 0.123232
vn 0.448272 -0.892542 0.049209
vn 0.448257 -0.892550 0.049199
vn 0.607546 -0.792720 0.049829
vn 0.607531 -0.792732 0.049819
vn 0.447741 -0.891524 0.068650
vn 0.448966 -0.890859 0.069285
vn 0.606714 -0.791666 0.071855
vn 0.610548 -0.788505 0.074106
vn 0.746051 -0.663968 0.050544
vn 0.862924 -0.502718 0.051354
vn 0.862916 -0.502733 0.051345
vn 0.861097 -0.501653 0.082800
vn 0.862100 -0.499778 0.083702
vn 0.746102 -0.663907 0.050584
vn 0.748546 -0.658231 0.080066
vn 0.744812 -0.662760 0.077486
vn 0.840863 -0.465733 0.275756
vn 0.836347 -0.477424 0.269427
vn 0.744477 -0.615886 0.257758
vn 0.731564 -0.636871 0.243329
vn 0.858936 -0.490319 0.147705
vn 0.856009 -0.496247 0.144870
vn 0.752602 -0.643686 0.138774
vn 0.743720 -0.655326 0.132013
vn 0.912056 -0.301424 0.278025
vn 0.909548 -0.313907 0.272368
vn 0.940951 -0.303884 0.149220
vn 0.939240 -0.310408 0.146546
vn 0.958809 -0.107773 0.262811
vn 0.957926 -0.136672 0.252386
vn 0.984207 -0.105172 0.142393
vn 0.983173 -0.121437 0.136470
vn 0.951010 -0.304764 0.051954
vn 0.951007 -0.304772 0.051950
vn 0.993502 -0.101127 0.052217
vn 0.993504 -0.101106 0.052228
vn 0.948875 -0.304089 0.084655
vn 0.948262 -0.306245 0.083739
vn 0.991472 -0.100899 0.082483
vn 0.991019 -0.107162 0.079988
vn 0.993247 0.103600 0.052226
vn 0.950297 0.306983 0.051937
vn 0.950314 0.306933 0.051911
vn 0.949040 0.306577 0.073033
vn 0.949551 0.305140 0.072409
vn 0.993259 0.103503 0.052178
vn 0.992362 0.097763 0.075233
vn 0.991627 0.103333 0.077454
vn 0.923222 0.330069 0.196763
vn 0.928926 0.316352 0.192401
vn 0.970911 0.092472 0.220863
vn 0.966564 0.117527 0.227908
vn 0.944164 0.307053 0.119469
vn 0.944721 0.305572 0.118861
vn 0.987833 0.091854 0.125492
vn 0.986611 0.100440 0.128491
vn 0.854291 0.481913 0.194798
vn 0.859096 0.475486 0.189384
vn 0.857018 0.501575 0.118080
vn 0.857806 0.500379 0.117428
vn 0.737327 0.641334 0.212225
vn 0.724549 0.652004 0.223427
vn 0.738402 0.663340 0.121419
vn 0.733322 0.668333 0.124777
vn 0.861679 0.504850 0.051337
vn 0.861749 0.504737 0.051272
vn 0.744635 0.665558 0.050511
vn 0.744547 0.665651 0.050575
vn 0.860671 0.504105 0.071574
vn 0.859866 0.505385 0.072222
vn 0.743518 0.664731 0.072888
vn 0.739979 0.668423 0.075116
vn 0.605845 0.794019 0.049853
vn 0.446288 0.893534 0.049237
vn 0.446303 0.893527 0.049228
vn 0.445419 0.891794 0.079400
vn 0.443641 0.892605 0.080244
vn 0.605854 0.794012 0.049848
vn 0.600189 0.795964 0.078836
vn 0.604837 0.792679 0.076363
vn 0.413673 0.871149 0.264526
vn 0.424611 0.867602 0.258792
vn 0.559698 0.789137 0.252982
vn 0.580709 0.778049 0.239620
vn 0.435158 0.889153 0.141575
vn 0.440758 0.886804 0.138964
vn 0.585801 0.798895 0.136399
vn 0.597732 0.791088 0.129988
vn 0.263081 0.928497 0.262071
vn 0.274235 0.926703 0.256935
vn 0.264209 0.954233 0.140117
vn 0.270013 0.952963 0.137673
vn 0.093002 0.965071 0.244927
vn 0.117991 0.964723 0.235347
vn 0.090432 0.987085 0.132231
vn 0.104456 0.986416 0.126778
vn 0.264614 0.963123 0.048718
vn 0.264621 0.963121 0.048714
vn 0.086845 0.995044 0.048424
vn 0.086827 0.995045 0.048434
vn 0.264099 0.961221 0.079404
vn 0.266017 0.960762 0.078559
vn 0.086674 0.993294 0.076514
vn 0.092056 0.992984 0.074215
vn -0.088954 0.994857 0.048435
vn -0.266590 0.962579 0.048695
vn -0.266574 0.962584 0.048687
vn -0.266279 0.961458 0.068508
vn -0.264998 0.961854 0.067914
vn -0.088871 0.994867 0.048391
vn -0.083957 0.994023 0.069777
vn -0.088746 0.993460 0.071845
vn -0.287953 0.939531 0.185376
vn -0.275675 0.944047 0.181046
vn -0.079648 0.975421 0.205453
vn -0.101323 0.971958 0.212204
vn -0.266917 0.957170 0.112162
vn -0.265556 0.957619 0.111559
vn -0.078927 0.990055 0.116457
vn -0.086329 0.989101 0.119274
vn -0.427739 0.884413 0.186688
vn -0.421615 0.888461 0.181325
vn -0.445634 0.888015 0.113318
vn -0.444443 0.888696 0.112645
vn -0.584623 0.783952 0.208891
vn -0.595823 0.772263 0.220467
vn -0.605735 0.786603 0.119755
vn -0.610998 0.781982 0.123232
vn -0.448272 0.892542 0.049209
vn -0.448257 0.892550 0.049199
vn -0.607546 0.792720 0.049829
vn -0.607531 0.792732 0.049819
vn -0.447741 0.891524 0.068650
vn -0.448966 0.890858 0.069285
vn -0.606714 0.791666 0.071855
vn -0.610548 0.788505 0.074106
vn -0.746051 0.663968 0.050543
vn -0.862870 0.502810 0.051353
vn -0.862863 0.502823 0.051345
vn -0.861043 0.501746 0.082800
vn -0.862096 0.499776 0.083747
vn -0.746102 0.663907 0.050584
vn -0.748546 0.658231 0.080066
vn -0.744813 0.662759 0.077486
vn -0.840863 0.465733 0.275756
vn -0.836307 0.477524 0.269372
vn -0.744490 0.615888 0.257715
vn -0.731575 0.636876 0.243284
vn -0.858888 0.490417 0.147658
vn -0.856009 0.496247 0.144870
vn -0.752602 0.643686 0.138774
vn -0.743720 0.655326 0.132013
vn -0.912093 0.301313 0.278024
vn -0.909586 0.313799 0.272366
vn -0.940957 0.303887 0.149171
vn -0.939278 0.310293 0.146546
vn -0.958793 0.107899 0.262820
vn -0.957906 0.136798 0.252394
vn -0.984193 0.105297 0.142398
vn -0.983157 0.121567 0.136473
vn -0.951046 0.304653 0.051953
vn -0.951044 0.304658 0.051951
vn -0.993502 0.101127 0.052217
vn -0.993494 0.101232 0.052166
vn -0.948907 0.303973 0.084704
vn -0.948262 0.306246 0.083739
vn -0.991459 0.101024 0.082484
vn -0.991005 0.107289 0.079989
vn -0.950333 -0.306870 0.051937
vn -0.950312 -0.306932 0.051969
vn -0.949547 -0.305140 0.072461
vn -0.949076 -0.306464 0.073036
vn -0.993243 -0.103627 0.052239
vn -0.993263 -0.103477 0.052165
vn -0.992349 -0.097893 0.075233
vn -0.991614 -0.103457 0.077452
vn -0.923268 -0.329991 0.196677
vn -0.928941 -0.316345 0.192338
vn -0.970929 -0.092438 0.220800
vn -0.966551 -0.117661 0.227891
vn -0.944164 -0.307053 0.119469
vn -0.944721 -0.305572 0.118861
vn -0.987821 -0.091995 0.125489
vn -0.986599 -0.100569 0.128485
vn -0.446343 -0.893609 0.047336
vn -0.446374 -0.893592 0.047365
vn -0.605902 -0.794094 0.047935
vn -0.605907 -0.794089 0.047940
vn -0.446069 -0.892981 0.060058
vn -0.605479 -0.793528 0.060891
vn -0.605440 -0.793564 0.060816
vn -0.861766 -0.504901 0.049345
vn -0.861761 -0.504909 0.049337
vn -0.861116 -0.504531 0.062669
vn -0.861131 -0.504499 0.062718
vn -0.744646 -0.665687 0.048616
vn -0.744658 -0.665672 0.048632
vn -0.744116 -0.665187 0.061791
vn -0.744116 -0.665187 0.061791
vn -0.230117 -0.837651 0.495366
vn -0.230117 -0.837915 0.494919
vn -0.075603 -0.867014 0.492515
vn -0.075661 -0.866693 0.493071
vn -0.262333 -0.955219 0.136886
vn -0.262420 -0.955150 0.137199
vn -0.086158 -0.986930 0.136182
vn -0.086141 -0.986939 0.136127
vn 0.231880 -0.837260 0.495204
vn 0.231962 -0.837398 0.494933
vn 0.264437 -0.954631 0.136939
vn 0.264397 -0.954626 0.137050
vn 0.077443 -0.866777 0.492646
vn 0.077485 -0.866888 0.492444
vn 0.088198 -0.986745 0.136221
vn 0.088199 -0.986745 0.136218
vn 0.266598 -0.962669 0.046835
vn 0.266607 -0.962667 0.046828
vn 0.088962 -0.994946 0.046563
vn 0.088967 -0.994946 0.046559
vn 0.266426 -0.962014 0.059554
vn 0.266442 -0.962011 0.059529
vn 0.088908 -0.994283 0.059141
vn 0.088873 -0.994283 0.059193
vn -0.264637 -0.963208 0.046872
vn -0.264573 -0.963229 0.046816
vn -0.264394 -0.962580 0.059467
vn -0.264455 -0.962557 0.059561
vn -0.086853 -0.995134 0.046538
vn -0.086873 -0.995131 0.046555
vn -0.086815 -0.994465 0.059177
vn -0.086798 -0.994468 0.059152
vn 0.388934 -0.774404 0.499028
vn 0.388884 -0.774349 0.499153
vn 0.525297 -0.685496 0.504142
vn 0.525498 -0.685648 0.503725
vn 0.444474 -0.885041 0.138363
vn 0.444488 -0.885041 0.138325
vn 0.602296 -0.785850 0.140280
vn 0.602367 -0.785832 0.140078
vn 0.740741 -0.431597 0.514807
vn 0.740608 -0.431563 0.515027
vn 0.854947 -0.498190 0.144472
vn 0.854954 -0.498185 0.144450
vn 0.642881 -0.572064 0.509359
vn 0.642740 -0.571995 0.509615
vn 0.739412 -0.658027 0.142371
vn 0.739435 -0.658016 0.142305
vn 0.863003 -0.502784 0.049327
vn 0.862953 -0.502864 0.049401
vn 0.746121 -0.664031 0.048642
vn 0.746167 -0.663983 0.048589
vn 0.862311 -0.502490 0.062637
vn 0.862320 -0.502477 0.062616
vn 0.745627 -0.663502 0.061687
vn 0.745614 -0.663515 0.061713
vn 0.448313 -0.892623 0.047325
vn 0.448282 -0.892637 0.047353
vn 0.447972 -0.892020 0.060180
vn 0.447990 -0.892013 0.060153
vn 0.607602 -0.792794 0.047937
vn 0.607599 -0.792796 0.047940
vn 0.607169 -0.792234 0.060913
vn 0.607240 -0.792189 0.060793
vn 0.813724 -0.260742 0.519487
vn 0.813905 -0.260748 0.519200
vn 0.848860 -0.086438 0.521503
vn 0.848868 -0.086437 0.521490
vn 0.942131 -0.301827 0.145910
vn 0.942072 -0.301896 0.146147
vn 0.984094 -0.100206 0.146686
vn 0.984105 -0.100186 0.146627
vn 0.813123 0.262738 0.519422
vn 0.812976 0.262640 0.519701
vn 0.941387 0.304124 0.145940
vn 0.941387 0.304116 0.145962
vn 0.848551 0.088441 0.521670
vn 0.848639 0.088476 0.521520
vn 0.983850 0.102573 0.146687
vn 0.983855 0.102586 0.146651
vn 0.950410 0.306964 0.049937
vn 0.950407 0.306974 0.049929
vn 0.993350 0.103610 0.050199
vn 0.993351 0.103606 0.050203
vn 0.949674 0.306737 0.063493
vn 0.949662 0.306790 0.063419
vn 0.992580 0.103525 0.063779
vn 0.992580 0.103496 0.063819
vn 0.951105 -0.304795 0.049986
vn 0.951132 -0.304722 0.049926
vn 0.950406 -0.304490 0.063364
vn 0.950377 -0.304557 0.063464
vn 0.993606 -0.101138 0.050184
vn 0.993601 -0.101173 0.050212
vn 0.992830 -0.101094 0.063790
vn 0.992833 -0.101075 0.063764
vn 0.739722 0.433336 0.514811
vn 0.739665 0.433277 0.514943
vn 0.641653 0.573600 0.509181
vn 0.641670 0.573627 0.509127
vn 0.853847 0.500162 0.144165
vn 0.853853 0.500117 0.144286
vn 0.737946 0.659694 0.142266
vn 0.737922 0.659765 0.142061
vn 0.387289 0.775300 0.498915
vn 0.387264 0.775173 0.499132
vn 0.442601 0.885940 0.138618
vn 0.442596 0.885945 0.138598
vn 0.523992 0.686726 0.503825
vn 0.524035 0.686832 0.503636
vn 0.600578 0.787154 0.140337
vn 0.600566 0.787175 0.140271
vn 0.446344 0.893611 0.047294
vn 0.446420 0.893569 0.047365
vn 0.605902 0.794094 0.047934
vn 0.605853 0.794135 0.047882
vn 0.446115 0.892958 0.060058
vn 0.446103 0.892965 0.060038
vn 0.605427 0.793576 0.060790
vn 0.605440 0.793564 0.060816
vn 0.861766 0.504901 0.049345
vn 0.861810 0.504818 0.049419
vn 0.861168 0.504442 0.062669
vn 0.861183 0.504410 0.062718
vn 0.744703 0.665618 0.048687
vn 0.744658 0.665672 0.048631
vn 0.744116 0.665187 0.061791
vn 0.744063 0.665257 0.061668
vn 0.230142 0.837741 0.495202
vn 0.230142 0.837907 0.494921
vn 0.075606 0.867044 0.492461
vn 0.075664 0.866724 0.493016
vn 0.262358 0.955199 0.136976
vn 0.262420 0.955150 0.137199
vn 0.086158 0.986930 0.136182
vn 0.086150 0.986934 0.136156
vn -0.231831 0.837177 0.495368
vn -0.231962 0.837398 0.494933
vn -0.264436 0.954631 0.136939
vn -0.264397 0.954626 0.137050
vn -0.077452 0.866776 0.492646
vn -0.077482 0.866857 0.492500
vn -0.088198 0.986745 0.136221
vn -0.088199 0.986745 0.136218
vn -0.266598 0.962669 0.046835
vn -0.266607 0.962667 0.046828
vn -0.088962 0.994946 0.046563
vn -0.088967 0.994946 0.046559
vn -0.266426 0.962014 0.059554
vn -0.266443 0.962011 0.059529
vn -0.088908 0.994283 0.059141
vn -0.088873 0.994283 0.059193
vn 0.264637 0.963208 0.046872
vn 0.264573 0.963229 0.046816
vn 0.264395 0.962582 0.059423
vn 0.264455 0.962560 0.059517
vn 0.086853 0.995134 0.046538
vn 0.086873 0.995131 0.046555
vn 0.086815 0.994466 0.059163
vn 0.086807 0.994467 0.059152
vn -0.388972 0.774383 0.499030
vn -0.388812 0.774207 0.499428
vn -0.525296 0.685496 0.504142
vn -0.525499 0.685648 0.503724
vn -0.444474 0.885041 0.138363
vn -0.444488 0.885040 0.138325
vn -0.602296 0.785851 0.140279
vn -0.602367 0.785832 0.140078
vn -0.740740 0.431597 0.514809
vn -0.740610 0.431563 0.515024
vn -0.854947 0.498190 0.144472
vn -0.854954 0.498185 0.144450
vn -0.642882 0.572064 0.509358
vn -0.642740 0.571995 0.509615
vn -0.739412 0.658027 0.142371
vn -0.739435 0.658016 0.142304
vn -0.862951 0.502875 0.049328
vn -0.862956 0.502866 0.049320
vn -0.746121 0.664031 0.048642
vn -0.746167 0.663983 0.048589
vn -0.862311 0.502490 0.062637
vn -0.862320 0.502477 0.062615
vn -0.745627 0.663502 0.061687
vn -0.745614 0.663515 0.061713
vn -0.448313 0.892623 0.047325
vn -0.448282 0.892637 0.047353
vn -0.447972 0.892020 0.060180
vn -0.447990 0.892013 0.060153
vn -0.607602 0.792794 0.047937
vn -0.607599 0.792796 0.047940
vn -0.607169 0.792234 0.060913
vn -0.607240 0.792189 0.060793
vn -0.813725 0.260742 0.519485
vn -0.813904 0.260748 0.519203
vn -0.848860 0.086438 0.521503
vn -0.848870 0.086436 0.521487
vn -0.942131 0.301828 0.145910
vn -0.942072 0.301896 0.146147
vn -0.984095 0.100206 0.146686
vn -0.984105 0.100186 0.146627
vn -0.813154 -0.262647 0.519420
vn -0.813002 -0.262546 0.519709
vn -0.941422 -0.304017 0.145938
vn -0.941421 -0.304008 0.145962
vn -0.848549 -0.088440 0.521673
vn -0.848639 -0.088476 0.521520
vn -0.983851 -0.102573 0.146686
vn -0.983855 -0.102585 0.146651
vn -0.950410 -0.306964 0.049937
vn -0.950407 -0.306974 0.049929
vn -0.993363 -0.103488 0.050200
vn -0.993363 -0.103484 0.050202
vn -0.949684 -0.306740 0.063335
vn -0.949697 -0.306681 0.063419
vn -0.992592 -0.103404 0.063780
vn -0.992591 -0.103496 0.063654
vn -0.951145 0.304685 0.049896
vn -0.951132 0.304722 0.049926
vn -0.950406 0.304489 0.063364
vn -0.950377 0.304558 0.063465
vn -0.993606 0.101138 0.050184
vn -0.993601 0.101173 0.050212
vn -0.992830 0.101094 0.063791
vn -0.992833 0.101074 0.063764
f 1//1 2//1 3//1
f 4//2 1//2 3//2
f 3//3 2//3 5//3
f 5//4 2//4 6//4
f 7//5 4//5 3//5
f 8//6 4//6 7//6
f 9//7 3//7 5//7
f 7//8 3//8 9//8
f 5//9 6//9 10//9
f 11//10 12//10 13//10
f 10//11 12//11 11//11
f 14//12 10//12 11//12
f 15//13 10//13 14//13
f 10//14 6//14 12//14
f 15//15 5//15 10//15
f 9//16 5//16 15//16
f 16//17 15//17 14//17
f 17//18 18//18 19//18
f 16//19 18//19 17//19
f 17//20 19//20 20//20
f 21//21 20//21 19//21
f 17//22 15//22 16//22
f 20//23 9//23 17//23
f 17//24 9//24 15//24
f 22//25 8//25 7//25
f 23//26 24//26 25//26
f 22//27 24//27 23//27
f 23//28 8//28 22//28
f 22//29 21//29 24//29
f 21//30 22//30 20//30
f 22//31 7//31 20//31
f 20//32 7//32 9//32
f 26//33 11//33 13//33
f 27//34 28//34 29//34
f 27//35 30//35 28//35
f 29//36 31//36 27//36
f 32//37 31//37 29//37
f 33//38 30//38 27//38
f 33//39 34//39 30//39
f 35//40 27//40 31//40
f 35//41 33//41 27//41
f 32//42 36//42 31//42
f 37//43 38//43 39//43
f 39//44 38//44 36//44
f 40//45 36//45 38//45
f 40//46 41//46 36//46
f 39//47 36//47 32//47
f 36//48 41//48 31//48
f 31//49 41//49 35//49
f 42//50 41//50 40//50
f 43//51 44//51 45//51
f 43//52 45//52 42//52
f 44//53 46//53 45//53
f 46//54 44//54 47//54
f 42//55 45//55 41//55
f 35//56 45//56 46//56
f 41//57 45//57 35//57
f 48//58 34//58 33//58
f 49//59 13//59 50//59
f 49//60 50//60 48//60
f 48//61 50//61 34//61
f 47//62 49//62 48//62
f 47//63 48//63 46//63
f 46//64 48//64 33//64
f 46//65 33//65 35//65
f 51//66 38//66 37//66
f 52//67 51//67 37//67
f 53//68 51//68 52//68
f 54//69 53//69 52//69
f 51//70 55//70 38//70
f 55//71 40//71 38//71
f 53//72 56//72 51//72
f 51//73 56//73 55//73
f 54//74 57//74 53//74
f 58//75 59//75 60//75
f 60//76 59//76 57//76
f 59//77 61//77 57//77
f 57//78 61//78 62//78
f 60//79 57//79 54//79
f 57//80 62//80 53//80
f 53//81 62//81 56//81
f 61//82 63//82 62//82
f 64//83 65//83 66//83
f 63//84 65//84 64//84
f 64//85 66//85 67//85
f 67//86 66//86 68//86
f 62//87 63//87 64//87
f 56//88 64//88 67//88
f 62//89 64//89 56//89
f 42//90 69//90 43//90
f 70//91 69//91 42//91
f 40//92 70//92 42//92
f 55//93 70//93 40//93
f 70//94 68//94 69//94
f 67//95 68//95 70//95
f 55//96 67//96 70//96
f 56//97 67//97 55//97
f 26//98 13//98 49//98
f 71//99 49//99 47//99
f 71//100 26//100 49//100
f 72//101 11//101 26//101
f 72//102 14//102 11//102
f 73//103 26//103 71//103
f 73//104 72//104 26//104
f 74//105 44//105 43//105
f 74//106 75//106 44//106
f 76//107 75//107 74//107
f 76//108 77//108 75//108
f 75//109 47//109 44//109
f 75//110 71//110 47//110
f 77//111 71//111 75//111
f 77//112 73//112 71//112
f 78//113 77//113 76//113
f 79//114 80//114 81//114
f 79//115 78//115 80//115
f 79//116 81//116 82//116
f 81//117 83//117 82//117
f 78//118 79//118 77//118
f 79//119 82//119 73//119
f 77//120 79//120 73//120
f 16//121 84//121 18//121
f 16//122 85//122 84//122
f 85//123 16//123 14//123
f 85//124 14//124 72//124
f 85//125 83//125 84//125
f 82//126 83//126 85//126
f 82//127 85//127 72//127
f 73//128 82//128 72//128
f 69//129 86//129 43//129
f 43//130 86//130 74//130
f 68//131 87//131 69//131
f 69//132 87//132 86//132
f 86//133 88//133 74//133
f 74//134 88//134 76//134
f 87//135 89//135 86//135
f 86//136 89//136 88//136
f 65//137 90//137 66//137
f 66//138 90//138 91//138
f 90//139 92//139 91//139
f 91//140 92//140 93//140
f 66//141 91//141 68//141
f 68//142 91//142 87//142
f 91//143 93//143 87//143
f 87//144 93//144 89//144
f 92//145 94//145 93//145
f 95//146 96//146 97//146
f 97//147 96//147 94//147
f 95//148 98//148 96//148
f 99//149 98//149 95//149
f 96//150 93//150 94//150
f 98//151 89//151 96//151
f 96//152 89//152 93//152
f 80//153 78//153 100//153
f 100//154 78//154 101//154
f 76//155 101//155 78//155
f 101//156 76//156 88//156
f 100//157 101//157 99//157
f 99//158 101//158 98//158
f 101//159 88//159 98//159
f 98//160 88//160 89//160
f 94//161 102//161 97//161
f 97//162 102//162 103//162
f 94//163 92//163 104//163
f 102//164 94//164 104//164
f 103//165 102//165 105//165
f 103//166 105//166 106//166
f 102//167 104//167 107//167
f 105//168 102//168 107//168
f 90//169 65//169 108//169
f 109//170 90//170 108//170
f 109//171 108//171 110//171
f 111//172 109//172 110//172
f 92//173 90//173 109//173
f 104//174 92//174 109//174
f 104//175 109//175 111//175
f 107//176 104//176 111//176
f 4//177 112//177 1//177
f 112//178 113//178 1//178
f 8//179 114//179 4//179
f 114//180 112//180 4//180
f 112//181 111//181 113//181
f 111//182 110//182 113//182
f 114//183 107//183 112//183
f 107//184 111//184 112//184
f 115//185 23//185 25//185
f 116//186 23//186 115//186
f 106//187 116//187 115//187
f 105//188 116//188 106//188
f 23//189 116//189 8//189
f 116//190 114//190 8//190
f 116//191 105//191 114//191
f 107//192 114//192 105//192
f 81//193 80//193 117//193
f 80//194 118//194 117//194
f 117//195 118//195 119//195
f 118//196 120//196 119//196
f 81//197 117//197 121//197
f 81//198 121//198 83//198
f 117//199 119//199 122//199
f 121//200 117//200 122//200
f 119//201 120//201 123//201
f 124//202 125//202 126//202
f 124//203 126//203 127//203
f 125//204 128//204 126//204
f 125//205 129//205 128//205
f 127//206 126//206 130//206
f 127//207 130//207 131//207
f 132//208 126//208 128//208
f 130//209 126//209 132//209
f 129//210 133//210 128//210
f 134//211 135//211 136//211
f 134//212 136//212 133//212
f 133//213 136//213 137//213
f 133//214 137//214 138//214
f 129//215 134//215 133//215
f 138//216 128//216 133//216
f 132//217 128//217 138//217
f 138//218 137//218 139//218
f 140//219 141//219 142//219
f 140//220 139//220 141//220
f 142//221 143//221 140//221
f 144//222 143//222 142//222
f 138//223 139//223 140//223
f 143//224 132//224 140//224
f 140//225 132//225 138//225
f 131//226 130//226 145//226
f 146//227 147//227 148//227
f 146//228 145//228 147//228
f 131//229 145//229 146//229
f 147//230 145//230 144//230
f 144//231 145//231 143//231
f 145//232 130//232 143//232
f 143//233 130//233 132//233
f 149//234 136//234 135//234
f 149//235 135//235 150//235
f 151//236 149//236 150//236
f 151//237 150//237 152//237
f 153//238 136//238 149//238
f 153//239 137//239 136//239
f 154//240 149//240 151//240
f 154//241 153//241 149//241
f 155//242 151//242 152//242
f 156//243 157//243 158//243
f 156//244 155//244 157//244
f 159//245 155//245 156//245
f 159//246 160//246 155//246
f 155//247 152//247 157//247
f 160//248 151//248 155//248
f 160//249 154//249 151//249
f 161//250 160//250 159//250
f 162//251 163//251 164//251
f 162//252 164//252 161//252
f 163//253 165//253 164//253
f 163//254 166//254 165//254
f 161//255 164//255 160//255
f 164//256 165//256 154//256
f 164//257 154//257 160//257
f 167//258 141//258 139//258
f 167//259 139//259 168//259
f 168//260 139//260 137//260
f 168//261 137//261 153//261
f 166//262 167//262 168//262
f 166//263 168//263 165//263
f 165//264 168//264 153//264
f 165//265 153//265 154//265
f 158//266 169//266 156//266
f 170//267 171//267 172//267
f 171//268 173//268 172//268
f 174//269 171//269 170//269
f 175//270 174//270 170//270
f 171//271 176//271 173//271
f 176//272 177//272 173//272
f 174//273 178//273 171//273
f 178//274 176//274 171//274
f 179//275 174//275 175//275
f 180//276 181//276 182//276
f 181//277 179//277 182//277
f 181//278 183//278 179//278
f 179//279 183//279 184//279
f 182//280 179//280 175//280
f 179//281 184//281 174//281
f 184//282 178//282 174//282
f 183//283 185//283 184//283
f 186//284 187//284 188//284
f 186//285 185//285 187//285
f 186//286 188//286 189//286
f 188//287 190//287 189//287
f 184//288 185//288 186//288
f 186//289 189//289 178//289
f 184//290 186//290 178//290
f 176//291 191//291 177//291
f 192//292 193//292 158//292
f 192//293 191//293 193//293
f 191//294 192//294 177//294
f 190//295 193//295 191//295
f 189//296 190//296 191//296
f 189//297 191//297 176//297
f 178//298 189//298 176//298
f 185//299 194//299 187//299
f 187//300 194//300 195//300
f 183//301 196//301 185//301
f 185//302 196//302 194//302
f 197//303 195//303 194//303
f 198//304 195//304 197//304
f 199//305 194//305 196//305
f 197//306 194//306 199//306
f 180//307 200//307 181//307
f 200//308 201//308 181//308
f 201//309 200//309 202//309
f 201//310 202//310 203//310
f 181//311 201//311 183//311
f 183//312 201//312 196//312
f 196//313 201//313 203//313
f 196//314 203//314 199//314
f 203//315 202//315 204//315
f 205//316 206//316 207//316
f 207//317 206//317 204//317
f 205//318 208//318 206//318
f 209//319 208//319 205//319
f 203//320 204//320 206//320
f 199//321 206//321 208//321
f 199//322 203//322 206//322
f 210//323 198//323 197//323
f 124//324 211//324 212//324
f 212//325 211//325 210//325
f 211//326 198//326 210//326
f 212//327 210//327 209//327
f 209//328 210//328 208//328
f 210//329 197//329 208//329
f 208//330 197//330 199//330
f 158//331 193//331 169//331
f 193//332 190//332 213//332
f 193//333 213//333 169//333
f 156//334 169//334 214//334
f 156//335 214//335 159//335
f 169//336 213//336 215//336
f 169//337 215//337 214//337
f 188//338 187//338 216//338
f 188//339 216//339 217//339
f 217//340 216//340 218//340
f 217//341 218//341 219//341
f 190//342 188//342 217//342
f 190//343 217//343 213//343
f 213//344 217//344 219//344
f 213//345 219//345 215//345
f 219//346 218//346 220//346
f 221//347 222//347 223//347
f 221//348 220//348 222//348
f 221//349 223//349 224//349
f 223//350 225//350 224//350
f 219//351 220//351 221//351
f 221//352 224//352 215//352
f 219//353 221//353 215//353
f 161//354 226//354 162//354
f 161//355 227//355 226//355
f 159//356 227//356 161//356
f 159//357 214//357 227//357
f 225//358 226//358 227//358
f 224//359 225//359 227//359
f 224//360 227//360 214//360
f 215//361 224//361 214//361
f 228//362 222//362 220//362
f 229//363 222//363 228//363
f 230//364 220//364 218//364
f 228//365 220//365 230//365
f 231//366 229//366 228//366
f 232//367 229//367 231//367
f 233//368 228//368 230//368
f 231//369 228//369 233//369
f 195//370 216//370 187//370
f 234//371 216//371 195//371
f 198//372 234//372 195//372
f 235//373 234//373 198//373
f 234//374 218//374 216//374
f 230//375 218//375 234//375
f 235//376 230//376 234//376
f 233//377 230//377 235//377
f 127//378 236//378 124//378
f 236//379 211//379 124//379
f 131//380 237//380 127//380
f 237//381 236//381 127//381
f 236//382 235//382 211//382
f 235//383 198//383 211//383
f 237//384 233//384 236//384
f 236//385 233//385 235//385
f 148//386 238//386 146//386
f 146//387 238//387 239//387
f 238//388 232//388 239//388
f 239//389 232//389 231//389
f 146//390 239//390 131//390
f 131//391 239//391 237//391
f 239//392 231//392 237//392
f 237//393 231//393 233//393
f 240//394 148//394 147//394
f 241//395 148//395 240//395
f 242//396 147//396 144//396
f 240//397 147//397 242//397
f 243//398 241//398 240//398
f 244//399 241//399 243//399
f 245//400 240//400 242//400
f 243//401 240//401 245//401
f 246//402 142//402 141//402
f 247//403 142//403 246//403
f 248//404 247//404 246//404
f 249//405 247//405 248//405
f 247//406 144//406 142//406
f 242//407 144//407 247//407
f 249//408 242//408 247//408
f 245//409 242//409 249//409
f 248//410 250//410 249//410
f 251//411 252//411 253//411
f 250//412 252//412 251//412
f 251//413 253//413 254//413
f 254//414 253//414 255//414
f 249//415 250//415 251//415
f 245//416 251//416 254//416
f 249//417 251//417 245//417
f 243//418 256//418 244//418
f 257//419 258//419 259//419
f 256//420 258//420 257//420
f 244//421 256//421 257//421
f 256//422 255//422 258//422
f 254//423 255//423 256//423
f 243//424 254//424 256//424
f 245//425 254//425 243//425
f 260//426 252//426 250//426
f 261//427 252//427 260//427
f 262//428 250//428 248//428
f 260//429 250//429 262//429
f 263//430 261//430 260//430
f 264//431 261//431 263//431
f 265//432 260//432 262//432
f 263//433 260//433 265//433
f 246//434 141//434 167//434
f 266//435 246//435 167//435
f 266//436 167//436 166//436
f 267//437 266//437 166//437
f 248//438 246//438 266//438
f 262//439 248//439 266//439
f 267//440 262//440 266//440
f 267//441 265//441 262//441
f 268//442 163//442 162//442
f 269//443 268//443 162//443
f 270//444 268//444 269//444
f 271//445 270//445 269//445
f 268//446 267//446 163//446
f 267//447 166//447 163//447
f 270//448 265//448 268//448
f 265//449 267//449 268//449
f 272//450 264//450 263//450
f 273//451 274//451 275//451
f 275//452 274//452 272//452
f 274//453 264//453 272//453
f 275//454 272//454 271//454
f 271//455 272//455 270//455
f 272//456 263//456 270//456
f 270//457 263//457 265//457
f 226//458 276//458 162//458
f 276//459 269//459 162//459
f 225//460 277//460 226//460
f 277//461 276//461 226//461
f 276//462 278//462 269//462
f 278//463 271//463 269//463
f 277//464 279//464 276//464
f 279//465 278//465 276//465
f 222//466 280//466 223//466
f 280//467 281//467 223//467
f 280//468 282//468 281//468
f 282//469 283//469 281//469
f 223//470 281//470 225//470
f 281//471 277//471 225//471
f 281//472 283//472 277//472
f 283//473 279//473 277//473
f 283//474 282//474 284//474
f 273//475 285//475 286//475
f 273//476 286//476 287//476
f 286//477 285//477 288//477
f 285//478 289//478 288//478
f 287//479 286//479 290//479
f 287//480 290//480 291//480
f 286//481 288//481 292//481
f 290//482 286//482 292//482
f 288//483 289//483 293//483
f 294//484 295//484 296//484
f 294//485 296//485 293//485
f 293//486 296//486 297//486
f 293//487 297//487 298//487
f 289//488 294//488 293//488
f 288//489 293//489 298//489
f 292//490 288//490 298//490
f 298//491 297//491 299//491
f 300//492 301//492 302//492
f 300//493 299//493 301//493
f 303//494 300//494 302//494
f 304//495 303//495 302//495
f 298//496 299//496 300//496
f 292//497 300//497 303//497
f 292//498 298//498 300//498
f 291//499 290//499 305//499
f 306//500 307//500 308//500
f 306//501 305//501 307//501
f 291//502 305//502 306//502
f 307//503 305//503 304//503
f 305//504 303//504 304//504
f 290//505 303//505 305//505
f 290//506 292//506 303//506
f 309//507 296//507 295//507
f 309//508 295//508 310//508
f 311//509 309//509 310//509
f 311//510 310//510 312//510
f 296//511 309//511 313//511
f 296//512 313//512 297//512
f 314//513 309//513 311//513
f 314//514 313//514 309//514
f 315//515 311//515 312//515
f 316//516 317//516 259//516
f 316//517 315//517 317//517
f 315//518 316//518 318//518
f 318//519 319//519 315//519
f 315//520 312//520 317//520
f 319//521 311//521 315//521
f 319//522 314//522 311//522
f 319//523 318//523 320//523
f 321//524 322//524 323//524
f 321//525 323//525 320//525
f 322//526 324//526 323//526
f 322//527 325//527 324//527
f 320//528 323//528 319//528
f 323//529 324//529 314//529
f 323//530 314//530 319//530
f 326//531 301//531 299//531
f 299//532 327//532 326//532
f 297//533 327//533 299//533
f 297//534 313//534 327//534
f 325//535 326//535 327//535
f 325//536 327//536 324//536
f 324//537 327//537 313//537
f 324//538 313//538 314//538
f 294//539 328//539 295//539
f 328//540 284//540 295//540
f 289//541 329//541 294//541
f 329//542 328//542 294//542
f 328//543 283//543 284//543
f 329//544 279//544 328//544
f 279//545 283//545 328//545
f 273//546 275//546 285//546
f 275//547 330//547 285//547
f 275//548 271//548 330//548
f 271//549 278//549 330//549
f 285//550 330//550 289//550
f 330//551 329//551 289//551
f 330//552 278//552 329//552
f 278//553 279//553 329//553
f 331//554 222//554 229//554
f 331//555 280//555 222//555
f 332//556 229//556 232//556
f 332//557 331//557 229//557
f 333//558 280//558 331//558
f 333//559 282//559 280//559
f 334//560 331//560 332//560
f 334//561 333//561 331//561
f 241//562 238//562 148//562
f 241//563 335//563 238//563
f 244//564 335//564 241//564
f 244//565 336//565 335//565
f 335//566 232//566 238//566
f 335//567 332//567 232//567
f 336//568 332//568 335//568
f 334//569 332//569 336//569
f 259//570 317//570 337//570
f 259//571 337//571 257//571
f 317//572 312//572 338//572
f 317//573 338//573 337//573
f 257//574 337//574 336//574
f 257//575 336//575 244//575
f 338//576 334//576 337//576
f 337//577 334//577 336//577
f 310//578 295//578 284//578
f 310//579 284//579 339//579
f 339//580 284//580 282//580
f 339//581 282//581 333//581
f 312//582 310//582 339//582
f 312//583 339//583 338//583
f 339//584 333//584 338//584
f 338//585 333//585 334//585
f 259//586 258//586 340//586
f 259//587 340//587 316//587
f 255//588 341//588 258//588
f 258//589 341//589 340//589
f 316//590 340//590 342//590
f 316//591 342//591 318//591
f 341//592 343//592 340//592
f 340//593 343//593 342//593
f 253//594 252//594 344//594
f 253//595 344//595 345//595
f 345//596 344//596 346//596
f 345//597 346//597 347//597
f 253//598 345//598 255//598
f 255//599 345//599 341//599
f 345//600 347//600 341//600
f 341//601 347//601 343//601
f 347//602 346//602 348//602
f 349//603 350//603 351//603
f 349//604 348//604 350//604
f 349//605 351//605 352//605
f 352//606 351//606 353//606
f 347//607 348//607 349//607
f 343//608 349//608 352//608
f 343//609 347//609 349//609
f 320//610 354//610 321//610
f 320//611 355//611 354//611
f 318//612 355//612 320//612
f 318//613 342//613 355//613
f 355//614 353//614 354//614
f 352//615 353//615 355//615
f 342//616 352//616 355//616
f 342//617 343//617 352//617
f 348//618 356//618 350//618
f 357//619 350//619 356//619
f 346//620 358//620 348//620
f 356//621 348//621 358//621
f 357//622 356//622 359//622
f 360//623 357//623 359//623
f 356//624 358//624 361//624
f 359//625 356//625 361//625
f 261//626 344//626 252//626
f 362//627 344//627 261//627
f 264//628 362//628 261//628
f 363//629 362//629 264//629
f 344//630 362//630 346//630
f 358//631 346//631 362//631
f 358//632 362//632 363//632
f 361//633 358//633 363//633
f 287//634 364//634 273//634
f 273//635 364//635 274//635
f 365//636 287//636 291//636
f 364//637 287//637 365//637
f 364//638 363//638 274//638
f 274//639 363//639 264//639
f 365//640 361//640 364//640
f 364//641 361//641 363//641
f 308//642 366//642 306//642
f 367//643 306//643 366//643
f 366//644 360//644 367//644
f 360//645 359//645 367//645
f 291//646 306//646 367//646
f 365//647 291//647 367//647
f 367//648 359//648 365//648
f 359//649 361//649 365//649
f 368//650 350//650 357//650
f 123//651 368//651 357//651
f 123//652 357//652 360//652
f 369//653 123//653 360//653
f 120//654 368//654 123//654
f 119//655 123//655 369//655
f 122//656 119//656 369//656
f 370//657 366//657 308//657
f 371//658 370//658 308//658
f 372//659 370//659 371//659
f 373//660 372//660 371//660
f 370//661 369//661 366//661
f 369//662 360//662 366//662
f 372//663 122//663 370//663
f 122//664 369//664 370//664
f 18//665 84//665 374//665
f 84//666 375//666 374//666
f 84//667 83//667 375//667
f 83//668 121//668 375//668
f 374//669 375//669 373//669
f 375//670 372//670 373//670
f 375//671 121//671 372//671
f 121//672 122//672 372//672
f 18//673 374//673 376//673
f 18//674 376//674 19//674
f 374//675 373//675 377//675
f 374//676 377//676 376//676
f 19//677 376//677 378//677
f 19//678 378//678 21//678
f 376//679 377//679 379//679
f 376//680 379//680 378//680
f 308//681 307//681 371//681
f 307//682 380//682 371//682
f 380//683 307//683 304//683
f 380//684 304//684 381//684
f 373//685 371//685 380//685
f 373//686 380//686 377//686
f 377//687 380//687 381//687
f 377//688 381//688 379//688
f 382//689 302//689 301//689
f 382//690 301//690 383//690
f 384//691 382//691 383//691
f 384//692 383//692 385//692
f 381//693 302//693 382//693
f 381//694 304//694 302//694
f 379//695 382//695 384//695
f 379//696 381//696 382//696
f 24//697 386//697 25//697
f 24//698 387//698 386//698
f 21//699 387//699 24//699
f 21//700 378//700 387//700
f 387//701 385//701 386//701
f 387//702 384//702 385//702
f 378//703 384//703 387//703
f 378//704 379//704 384//704
f 97//705 103//705 388//705
f 97//706 388//706 389//706
f 390//707 103//707 106//707
f 388//708 103//708 390//708
f 389//709 388//709 391//709
f 389//710 391//710 392//710
f 388//711 390//711 393//711
f 388//712 393//712 391//712
f 115//713 25//713 386//713
f 115//714 386//714 394//714
f 394//715 386//715 385//715
f 394//716 385//716 395//716
f 106//717 115//717 394//717
f 106//718 394//718 390//718
f 390//719 394//719 395//719
f 390//720 395//720 393//720
f 396//721 301//721 326//721
f 396//722 383//722 301//722
f 397//723 326//723 325//723
f 397//724 396//724 326//724
f 395//725 383//725 396//725
f 395//726 385//726 383//726
f 393//727 396//727 397//727
f 393//728 395//728 396//728
f 398//729 322//729 321//729
f 398//730 399//730 322//730
f 392//731 399//731 398//731
f 392//732 391//732 399//732
f 399//733 325//733 322//733
f 399//734 397//734 325//734
f 391//735 397//735 399//735
f 391//736 393//736 397//736
f 400//737 97//737 389//737
f 400//738 95//738 97//738
f 401//739 389//739 392//739
f 401//740 400//740 389//740
f 402//741 95//741 400//741
f 402//742 99//742 95//742
f 403//743 400//743 401//743
f 403//744 402//744 400//744
f 321//745 354//745 398//745
f 354//746 404//746 398//746
f 353//747 404//747 354//747
f 353//748 405//748 404//748
f 404//749 392//749 398//749
f 404//750 401//750 392//750
f 405//751 401//751 404//751
f 405//752 403//752 401//752
f 350//753 368//753 406//753
f 351//754 350//754 406//754
f 368//755 120//755 407//755
f 368//756 407//756 406//756
f 351//757 406//757 405//757
f 351//758 405//758 353//758
f 406//759 407//759 403//759
f 406//760 403//760 405//760
f 118//761 80//761 100//761
f 118//762 100//762 408//762
f 408//763 100//763 99//763
f 408//764 99//764 402//764
f 120//765 118//765 408//765
f 120//766 408//766 407//766
f 407//767 408//767 402//767
f 407//768 402//768 403//768
f 207//769 409//769 205//769
f 410//770 58//770 411//770
f 410//771 412//771 58//771
f 413//772 410//772 411//772
f 413//773 411//773 414//773
f 415//774 412//774 410//774
f 415//775 416//775 412//775
f 417//776 410//776 413//776
f 417//777 415//777 410//777
f 418//778 413//778 414//778
f 419//779 420//779 421//779
f 420//780 422//780 421//780
f 423//781 420//781 419//781
f 424//782 423//782 419//782
f 422//783 420//783 425//783
f 426//784 422//784 425//784
f 420//785 423//785 427//785
f 425//786 420//786 427//786
f 428//787 423//787 424//787
f 429//788 430//788 431//788
f 430//789 432//789 431//789
f 429//790 433//790 430//790
f 429//791 434//791 433//791
f 432//792 430//792 435//792
f 436//793 432//793 435//793
f 437//794 430//794 433//794
f 435//795 430//795 437//795
f 438//796 433//796 434//796
f 439//797 440//797 441//797
f 440//798 442//798 441//798
f 443//799 440//799 439//799
f 444//800 443//800 439//800
f 440//801 445//801 442//801
f 445//802 446//802 442//802
f 443//803 447//803 440//803
f 447//804 445//804 440//804
f 448//805 443//805 444//805
f 449//806 450//806 451//806
f 450//807 448//807 451//807
f 450//808 452//808 448//808
f 452//809 453//809 448//809
f 451//810 448//810 444//810
f 448//811 453//811 443//811
f 453//812 447//812 443//812
f 452//813 454//813 453//813
f 455//814 456//814 457//814
f 454//815 455//815 457//815
f 457//816 456//816 458//816
f 456//817 459//817 458//817
f 454//818 457//818 453//818
f 457//819 458//819 447//819
f 453//820 457//820 447//820
f 445//821 460//821 446//821
f 461//822 462//822 463//822
f 460//823 461//823 463//823
f 460//824 463//824 446//824
f 459//825 461//825 460//825
f 458//826 459//826 460//826
f 458//827 460//827 445//827
f 447//828 458//828 445//828
f 464//829 439//829 441//829
f 464//830 441//830 465//830
f 466//831 464//831 465//831
f 466//832 465//832 467//832
f 468//833 439//833 464//833
f 468//834 444//834 439//834
f 469//835 464//835 466//835
f 469//836 468//836 464//836
f 470//837 466//837 467//837
f 471//838 472//838 473//838
f 471//839 470//839 472//839
f 474//840 470//840 471//840
f 474//841 475//841 470//841
f 470//842 467//842 472//842
f 475//843 466//843 470//843
f 475//844 469//844 466//844
f 476//845 475//845 474//845
f 477//846 478//846 479//846
f 479//847 478//847 476//847
f 477//848 480//848 478//848
f 477//849 481//849 480//849
f 476//850 478//850 475//850
f 478//851 480//851 469//851
f 478//852 469//852 475//852
f 482//853 449//853 451//853
f 482//854 451//854 483//854
f 483//855 451//855 444//855
f 483//856 444//856 468//856
f 481//857 482//857 483//857
f 481//858 483//858 480//858
f 480//859 483//859 468//859
f 480//860 468//860 469//860
f 465//861 441//861 484//861
f 441//862 485//862 484//862
f 484//863 485//863 486//863
f 485//864 487//864 486//864
f 465//865 484//865 488//865
f 467//866 465//866 488//866
f 484//867 486//867 489//867
f 488//868 484//868 489//868
f 486//869 487//869 490//869
f 491//870 492//870 493//870
f 494//871 491//871 493//871
f 493//872 492//872 495//872
f 492//873 496//873 495//873
f 493//874 497//874 494//874
f 497//875 498//875 494//875
f 495//876 499//876 493//876
f 499//877 497//877 493//877
f 495//878 496//878 500//878
f 501//879 502//879 503//879
f 504//880 501//880 503//880
f 505//881 503//881 502//881
f 505//882 502//882 506//882
f 503//883 507//883 504//883
f 507//884 508//884 504//884
f 505//885 509//885 503//885
f 503//886 509//886 507//886
f 506//887 510//887 505//887
f 511//888 512//888 513//888
f 510//889 511//889 513//889
f 513//890 514//890 510//890
f 514//891 515//891 510//891
f 506//892 511//892 510//892
f 510//893 515//893 505//893
f 515//894 509//894 505//894
f 514//895 516//895 515//895
f 473//896 517//896 518//896
f 516//897 473//897 518//897
f 518//898 517//898 519//898
f 517//899 520//899 519//899
f 516//900 518//900 515//900
f 518//901 519//901 509//901
f 515//902 518//902 509//902
f 507//903 521//903 508//903
f 522//904 523//904 524//904
f 521//905 522//905 524//905
f 521//906 524//906 508//906
f 520//907 522//907 521//907
f 519//908 520//908 521//908
f 507//909 519//909 521//909
f 509//910 519//910 507//910
f 525//911 501//911 504//911
f 500//912 525//912 504//912
f 504//913 508//913 500//913
f 508//914 526//914 500//914
f 496//915 525//915 500//915
f 500//916 526//916 495//916
f 526//917 499//917 495//917
f 523//918 527//918 524//918
f 523//919 528//919 527//919
f 528//920 529//920 527//920
f 528//921 530//921 529//921
f 524//922 527//922 526//922
f 508//923 524//923 526//923
f 527//924 529//924 499//924
f 526//925 527//925 499//925
f 497//926 531//926 498//926
f 532//927 533//927 534//927
f 532//928 534//928 531//928
f 531//929 534//929 498//929
f 530//930 532//930 531//930
f 530//931 531//931 529//931
f 529//932 531//932 497//932
f 499//933 529//933 497//933
f 535//934 533//934 532//934
f 490//935 535//935 532//935
f 490//936 532//936 530//936
f 536//937 490//937 530//937
f 487//938 535//938 490//938
f 486//939 490//939 536//939
f 489//940 486//940 536//940
f 522//941 537//941 523//941
f 537//942 528//942 523//942
f 520//943 538//943 522//943
f 538//944 537//944 522//944
f 537//945 536//945 528//945
f 536//946 530//946 528//946
f 538//947 489//947 537//947
f 489//948 536//948 537//948
f 473//949 472//949 517//949
f 472//950 539//950 517//950
f 472//951 467//951 539//951
f 467//952 488//952 539//952
f 517//953 539//953 520//953
f 539//954 538//954 520//954
f 539//955 488//955 538//955
f 488//956 489//956 538//956
f 540//957 512//957 511//957
f 540//958 541//958 512//958
f 542//959 511//959 506//959
f 542//960 540//960 511//960
f 543//961 541//961 540//961
f 543//962 544//962 541//962
f 545//963 540//963 542//963
f 545//964 543//964 540//964
f 502//965 501//965 546//965
f 502//966 546//966 547//966
f 547//967 546//967 548//967
f 547//968 548//968 549//968
f 506//969 502//969 547//969
f 506//970 547//970 542//970
f 542//971 547//971 549//971
f 542//972 549//972 545//972
f 549//973 548//973 550//973
f 551//974 552//974 553//974
f 551//975 550//975 552//975
f 554//976 551//976 553//976
f 554//977 553//977 555//977
f 549//978 550//978 551//978
f 545//979 551//979 554//979
f 545//980 549//980 551//980
f 556//981 544//981 543//981
f 557//982 558//982 559//982
f 557//983 559//983 556//983
f 556//984 559//984 544//984
f 555//985 557//985 556//985
f 555//986 556//986 554//986
f 554//987 556//987 543//987
f 554//988 543//988 545//988
f 560//989 491//989 494//989
f 438//990 560//990 494//990
f 494//991 498//991 438//991
f 498//992 561//992 438//992
f 438//993 434//993 560//993
f 438//994 561//994 433//994
f 561//995 437//995 433//995
f 533//996 562//996 534//996
f 533//997 563//997 562//997
f 563//998 564//998 562//998
f 563//999 565//999 564//999
f 534//1000 562//1000 561//1000
f 498//1001 534//1001 561//1001
f 562//1002 564//1002 437//1002
f 561//1003 562//1003 437//1003
f 566//1004 436//1004 435//1004
f 567//1005 568//1005 569//1005
f 569//1006 568//1006 566//1006
f 568//1007 436//1007 566//1007
f 565//1008 569//1008 566//1008
f 565//1009 566//1009 564//1009
f 566//1010 435//1010 564//1010
f 564//1011 435//1011 437//1011
f 441//1012 442//1012 570//1012
f 441//1013 570//1013 485//1013
f 442//1014 446//1014 571//1014
f 442//1015 571//1015 570//1015
f 485//1016 570//1016 572//1016
f 485//1017 572//1017 487//1017
f 570//1018 571//1018 573//1018
f 570//1019 573//1019 572//1019
f 463//1020 462//1020 574//1020
f 463//1021 574//1021 575//1021
f 575//1022 574//1022 576//1022
f 575//1023 576//1023 577//1023
f 446//1024 463//1024 575//1024
f 446//1025 575//1025 571//1025
f 571//1026 575//1026 577//1026
f 571//1027 577//1027 573//1027
f 578//1028 567//1028 569//1028
f 578//1029 579//1029 567//1029
f 580//1030 569//1030 565//1030
f 580//1031 578//1031 569//1031
f 577//1032 579//1032 578//1032
f 577//1033 576//1033 579//1033
f 573//1034 578//1034 580//1034
f 573//1035 577//1035 578//1035
f 535//1036 563//1036 533//1036
f 535//1037 581//1037 563//1037
f 487//1038 581//1038 535//1038
f 487//1039 572//1039 581//1039
f 581//1040 565//1040 563//1040
f 581//1041 580//1041 565//1041
f 572//1042 580//1042 581//1042
f 572//1043 573//1043 580//1043
f 491//1044 560//1044 582//1044
f 491//1045 582//1045 583//1045
f 560//1046 434//1046 584//1046
f 560//1047 584//1047 582//1047
f 583//1048 582//1048 585//1048
f 583//1049 585//1049 586//1049
f 582//1050 584//1050 587//1050
f 582//1051 587//1051 585//1051
f 588//1052 429//1052 431//1052
f 588//1053 589//1053 429//1053
f 590//1054 589//1054 588//1054
f 590//1055 591//1055 589//1055
f 589//1056 434//1056 429//1056
f 589//1057 584//1057 434//1057
f 591//1058 584//1058 589//1058
f 591//1059 587//1059 584//1059
f 592//1060 591//1060 590//1060
f 593//1061 594//1061 595//1061
f 593//1062 595//1062 592//1062
f 594//1063 596//1063 595//1063
f 594//1064 597//1064 596//1064
f 592//1065 595//1065 591//1065
f 595//1066 596//1066 587//1066
f 595//1067 587//1067 591//1067
f 586//1068 585//1068 598//1068
f 599//1069 600//1069 601//1069
f 599//1070 598//1070 600//1070
f 586//1071 598//1071 599//1071
f 598//1072 597//1072 600//1072
f 598//1073 596//1073 597//1073
f 585//1074 596//1074 598//1074
f 585//1075 587//1075 596//1075
f 431//1076 432//1076 602//1076
f 432//1077 428//1077 602//1077
f 428//1078 432//1078 436//1078
f 603//1079 428//1079 436//1079
f 602//1080 428//1080 424//1080
f 423//1081 428//1081 603//1081
f 427//1082 423//1082 603//1082
f 579//1083 604//1083 567//1083
f 604//1084 568//1084 567//1084
f 576//1085 605//1085 579//1085
f 605//1086 604//1086 579//1086
f 604//1087 603//1087 568//1087
f 603//1088 436//1088 568//1088
f 605//1089 427//1089 604//1089
f 427//1090 603//1090 604//1090
f 462//1091 606//1091 574//1091
f 606//1092 607//1092 574//1092
f 606//1093 426//1093 607//1093
f 426//1094 425//1094 607//1094
f 574//1095 607//1095 576//1095
f 607//1096 605//1096 576//1096
f 607//1097 425//1097 605//1097
f 425//1098 427//1098 605//1098
f 608//1099 558//1099 557//1099
f 608//1100 609//1100 558//1100
f 610//1101 557//1101 555//1101
f 610//1102 608//1102 557//1102
f 611//1103 609//1103 608//1103
f 611//1104 612//1104 609//1104
f 613//1105 608//1105 610//1105
f 613//1106 611//1106 608//1106
f 553//1107 552//1107 614//1107
f 553//1108 614//1108 615//1108
f 615//1109 614//1109 616//1109
f 615//1110 616//1110 617//1110
f 555//1111 553//1111 615//1111
f 555//1112 615//1112 610//1112
f 610//1113 615//1113 617//1113
f 610//1114 617//1114 613//1114
f 617//1115 616//1115 618//1115
f 619//1116 620//1116 621//1116
f 619//1117 618//1117 620//1117
f 622//1118 619//1118 621//1118
f 622//1119 621//1119 623//1119
f 617//1120 618//1120 619//1120
f 613//1121 619//1121 622//1121
f 613//1122 617//1122 619//1122
f 624//1123 612//1123 611//1123
f 625//1124 626//1124 627//1124
f 625//1125 627//1125 624//1125
f 624//1126 627//1126 612//1126
f 623//1127 625//1127 624//1127
f 623//1128 624//1128 622//1128
f 622//1129 624//1129 611//1129
f 622//1130 611//1130 613//1130
f 601//1131 600//1131 628//1131
f 601//1132 628//1132 629//1132
f 600//1133 597//1133 630//1133
f 600//1134 630//1134 628//1134
f 629//1135 628//1135 631//1135
f 629//1136 631//1136 632//1136
f 628//1137 630//1137 633//1137
f 628//1138 633//1138 631//1138
f 634//1139 594//1139 593//1139
f 634//1140 635//1140 594//1140
f 636//1141 635//1141 634//1141
f 636//1142 637//1142 635//1142
f 635//1143 597//1143 594//1143
f 635//1144 630//1144 597//1144
f 637//1145 630//1145 635//1145
f 637//1146 633//1146 630//1146
f 638//1147 637//1147 636//1147
f 639//1148 640//1148 641//1148
f 639//1149 641//1149 638//1149
f 640//1150 642//1150 641//1150
f 640//1151 643//1151 642//1151
f 638//1152 641//1152 637//1152
f 641//1153 642//1153 633//1153
f 641//1154 633//1154 637//1154
f 632//1155 631//1155 644//1155
f 645//1156 646//1156 647//1156
f 645//1157 644//1157 646//1157
f 632//1158 644//1158 645//1158
f 644//1159 643//1159 646//1159
f 644//1160 642//1160 643//1160
f 631//1161 642//1161 644//1161
f 631//1162 633//1162 642//1162
f 558//1163 648//1163 559//1163
f 558//1164 649//1164 648//1164
f 648//1165 649//1165 650//1165
f 649//1166 651//1166 650//1166
f 559//1167 648//1167 652//1167
f 559//1168 652//1168 544//1168
f 648//1169 650//1169 653//1169
f 652//1170 648//1170 653//1170
f 650//1171 651//1171 654//1171
f 655//1172 656//1172 657//1172
f 655//1173 657//1173 658//1173
f 656//1174 659//1174 657//1174
f 656//1175 660//1175 659//1175
f 658//1176 657//1176 661//1176
f 658//1177 661//1177 662//1177
f 657//1178 659//1178 663//1178
f 657//1179 663//1179 661//1179
f 664//1180 659//1180 660//1180
f 665//1181 666//1181 667//1181
f 665//1182 664//1182 666//1182
f 668//1183 664//1183 665//1183
f 668//1184 669//1184 664//1184
f 664//1185 660//1185 666//1185
f 669//1186 659//1186 664//1186
f 669//1187 663//1187 659//1187
f 670//1188 669//1188 668//1188
f 671//1189 672//1189 673//1189
f 671//1190 673//1190 670//1190
f 672//1191 674//1191 673//1191
f 672//1192 675//1192 674//1192
f 670//1193 673//1193 669//1193
f 673//1194 674//1194 663//1194
f 673//1195 663//1195 669//1195
f 662//1196 661//1196 676//1196
f 677//1197 678//1197 679//1197
f 677//1198 676//1198 678//1198
f 662//1199 676//1199 677//1199
f 676//1200 675//1200 678//1200
f 676//1201 674//1201 675//1201
f 661//1202 674//1202 676//1202
f 661//1203 663//1203 674//1203
f 679//1204 678//1204 680//1204
f 679//1205 680//1205 681//1205
f 678//1206 675//1206 682//1206
f 678//1207 682//1207 680//1207
f 681//1208 680//1208 683//1208
f 681//1209 683//1209 684//1209
f 680//1210 682//1210 685//1210
f 680//1211 685//1211 683//1211
f 686//1212 672//1212 671//1212
f 686//1213 687//1213 672//1213
f 688//1214 687//1214 686//1214
f 688//1215 689//1215 687//1215
f 687//1216 675//1216 672//1216
f 687//1217 682//1217 675//1217
f 689//1218 682//1218 687//1218
f 689//1219 685//1219 682//1219
f 690//1220 689//1220 688//1220
f 691//1221 692//1221 693//1221
f 691//1222 693//1222 690//1222
f 692//1223 694//1223 693//1223
f 692//1224 695//1224 694//1224
f 690//1225 693//1225 689//1225
f 693//1226 694//1226 685//1226
f 693//1227 685//1227 689//1227
f 684//1228 683//1228 696//1228
f 697//1229 698//1229 699//1229
f 697//1230 696//1230 698//1230
f 684//1231 696//1231 697//1231
f 696//1232 695//1232 698//1232
f 696//1233 694//1233 695//1233
f 683//1234 694//1234 696//1234
f 683//1235 685//1235 694//1235
f 700//1236 677//1236 679//1236
f 700//1237 679//1237 701//1237
f 702//1238 700//1238 701//1238
f 703//1239 702//1239 701//1239
f 704//1240 677//1240 700//1240
f 704//1241 662//1241 677//1241
f 702//1242 705//1242 700//1242
f 705//1243 704//1243 700//1243
f 706//1244 702//1244 703//1244
f 707//1245 421//1245 708//1245
f 707//1246 709//1246 421//1246
f 710//1247 707//1247 708//1247
f 710//1248 708//1248 711//1248
f 712//1249 709//1249 707//1249
f 712//1250 713//1250 709//1250
f 714//1251 707//1251 710//1251
f 714//1252 712//1252 707//1252
f 711//1253 715//1253 710//1253
f 716//1254 717//1254 718//1254
f 716//1255 718//1255 715//1255
f 715//1256 718//1256 719//1256
f 715//1257 719//1257 720//1257
f 711//1258 716//1258 715//1258
f 710//1259 715//1259 720//1259
f 710//1260 720//1260 714//1260
f 720//1261 719//1261 721//1261
f 722//1262 723//1262 724//1262
f 722//1263 721//1263 723//1263
f 725//1264 722//1264 724//1264
f 725//1265 724//1265 726//1265
f 720//1266 721//1266 722//1266
f 714//1267 722//1267 725//1267
f 714//1268 720//1268 722//1268
f 727//1269 713//1269 712//1269
f 728//1270 729//1270 730//1270
f 728//1271 730//1271 727//1271
f 727//1272 730//1272 713//1272
f 726//1273 728//1273 727//1273
f 726//1274 727//1274 725//1274
f 725//1275 727//1275 712//1275
f 725//1276 712//1276 714//1276
f 731//1277 729//1277 728//1277
f 731//1278 732//1278 729//1278
f 733//1279 728//1279 726//1279
f 733//1280 731//1280 728//1280
f 734//1281 732//1281 731//1281
f 734//1282 735//1282 732//1282
f 736//1283 731//1283 733//1283
f 736//1284 734//1284 731//1284
f 724//1285 723//1285 737//1285
f 724//1286 737//1286 738//1286
f 738//1287 737//1287 739//1287
f 738//1288 739//1288 740//1288
f 726//1289 724//1289 738//1289
f 726//1290 738//1290 733//1290
f 733//1291 738//1291 740//1291
f 733//1292 740//1292 736//1292
f 740//1293 739//1293 741//1293
f 742//1294 743//1294 744//1294
f 742//1295 741//1295 743//1295
f 745//1296 742//1296 744//1296
f 745//1297 744//1297 746//1297
f 740//1298 741//1298 742//1298
f 736//1299 742//1299 745//1299
f 736//1300 740//1300 742//1300
f 747//1301 735//1301 734//1301
f 748//1302 749//1302 750//1302
f 748//1303 750//1303 747//1303
f 747//1304 750//1304 735//1304
f 746//1305 748//1305 747//1305
f 746//1306 747//1306 745//1306
f 745//1307 747//1307 734//1307
f 745//1308 734//1308 736//1308
f 721//1309 751//1309 723//1309
f 721//1310 706//1310 751//1310
f 719//1311 706//1311 721//1311
f 719//1312 752//1312 706//1312
f 751//1313 706//1313 703//1313
f 706//1314 752//1314 702//1314
f 752//1315 705//1315 702//1315
f 717//1316 753//1316 718//1316
f 717//1317 754//1317 753//1317
f 754//1318 755//1318 753//1318
f 754//1319 756//1319 755//1319
f 718//1320 753//1320 752//1320
f 718//1321 752//1321 719//1321
f 753//1322 755//1322 705//1322
f 753//1323 705//1323 752//1323
f 757//1324 655//1324 658//1324
f 757//1325 658//1325 758//1325
f 758//1326 658//1326 662//1326
f 758//1327 662//1327 704//1327
f 756//1328 757//1328 758//1328
f 756//1329 758//1329 755//1329
f 755//1330 758//1330 704//1330
f 755//1331 704//1331 705//1331
f 759//1332 671//1332 670//1332
f 759//1333 670//1333 654//1333
f 654//1334 670//1334 668//1334
f 654//1335 668//1335 760//1335
f 651//1336 759//1336 654//1336
f 650//1337 654//1337 760//1337
f 653//1338 650//1338 760//1338
f 761//1339 665//1339 667//1339
f 761//1340 667//1340 762//1340
f 763//1341 761//1341 762//1341
f 763//1342 762//1342 764//1342
f 760//1343 665//1343 761//1343
f 760//1344 668//1344 665//1344
f 653//1345 761//1345 763//1345
f 653//1346 760//1346 761//1346
f 541//1347 765//1347 512//1347
f 541//1348 766//1348 765//1348
f 544//1349 766//1349 541//1349
f 544//1350 652//1350 766//1350
f 766//1351 764//1351 765//1351
f 766//1352 763//1352 764//1352
f 652//1353 763//1353 766//1353
f 652//1354 653//1354 763//1354
f 767//1355 599//1355 601//1355
f 767//1356 601//1356 768//1356
f 767//1357 768//1357 769//1357
f 768//1358 770//1358 769//1358
f 771//1359 599//1359 767//1359
f 771//1360 586//1360 599//1360
f 767//1361 769//1361 772//1361
f 771//1362 767//1362 772//1362
f 550//1363 773//1363 552//1363
f 550//1364 774//1364 773//1364
f 548//1365 774//1365 550//1365
f 548//1366 775//1366 774//1366
f 770//1367 773//1367 774//1367
f 769//1368 770//1368 774//1368
f 769//1369 774//1369 775//1369
f 772//1370 769//1370 775//1370
f 501//1371 525//1371 776//1371
f 501//1372 776//1372 546//1372
f 525//1373 496//1373 777//1373
f 525//1374 777//1374 776//1374
f 546//1375 776//1375 775//1375
f 546//1376 775//1376 548//1376
f 776//1377 777//1377 772//1377
f 776//1378 772//1378 775//1378
f 492//1379 491//1379 583//1379
f 492//1380 583//1380 778//1380
f 778//1381 583//1381 586//1381
f 778//1382 586//1382 771//1382
f 496//1383 492//1383 778//1383
f 496//1384 778//1384 777//1384
f 777//1385 778//1385 771//1385
f 777//1386 771//1386 772//1386
f 729//1387 779//1387 730//1387
f 729//1388 780//1388 779//1388
f 780//1389 781//1389 779//1389
f 782//1390 781//1390 780//1390
f 730//1391 779//1391 783//1391
f 730//1392 783//1392 713//1392
f 781//1393 784//1393 779//1393
f 779//1394 784//1394 783//1394
f 785//1395 593//1395 592//1395
f 785//1396 592//1396 786//1396
f 786//1397 592//1397 590//1397
f 786//1398 590//1398 787//1398
f 782//1399 785//1399 786//1399
f 786//1400 781//1400 782//1400
f 786//1401 787//1401 781//1401
f 787//1402 784//1402 781//1402
f 788//1403 431//1403 602//1403
f 788//1404 588//1404 431//1404
f 789//1405 602//1405 424//1405
f 789//1406 788//1406 602//1406
f 787//1407 588//1407 788//1407
f 787//1408 590//1408 588//1408
f 784//1409 788//1409 789//1409
f 784//1410 787//1410 788//1410
f 709//1411 419//1411 421//1411
f 709//1412 790//1412 419//1412
f 713//1413 790//1413 709//1413
f 713//1414 783//1414 790//1414
f 790//1415 424//1415 419//1415
f 790//1416 789//1416 424//1416
f 783//1417 789//1417 790//1417
f 783//1418 784//1418 789//1418
f 791//1419 697//1419 699//1419
f 791//1420 699//1420 792//1420
f 793//1421 791//1421 792//1421
f 793//1422 792//1422 794//1422
f 795//1423 697//1423 791//1423
f 795//1424 684//1424 697//1424
f 796//1425 791//1425 793//1425
f 796//1426 795//1426 791//1426
f 741//1427 797//1427 743//1427
f 741//1428 798//1428 797//1428
f 739//1429 798//1429 741//1429
f 739//1430 799//1430 798//1430
f 798//1431 794//1431 797//1431
f 798//1432 793//1432 794//1432
f 799//1433 793//1433 798//1433
f 799//1434 796//1434 793//1434
f 723//1435 751//1435 800//1435
f 723//1436 800//1436 737//1436
f 751//1437 703//1437 801//1437
f 800//1438 751//1438 801//1438
f 737//1439 800//1439 799//1439
f 737//1440 799//1440 739//1440
f 800//1441 801//1441 796//1441
f 800//1442 796//1442 799//1442
f 701//1443 679//1443 681//1443
f 701//1444 681//1444 802//1444
f 802//1445 681//1445 684//1445
f 802//1446 684//1446 795//1446
f 703//1447 701//1447 802//1447
f 801//1448 703//1448 802//1448
f 801//1449 802//1449 795//1449
f 801//1450 795//1450 796//1450
f 626//1451 803//1451 627//1451
f 626//1452 804//1452 803//1452
f 804//1453 805//1453 803//1453
f 804//1454 806//1454 805//1454
f 627//1455 803//1455 807//1455
f 627//1456 807//1456 612//1456
f 803//1457 805//1457 808//1457
f 803//1458 808//1458 807//1458
f 809//1459 691//1459 690//1459
f 809//1460 690//1460 810//1460
f 810//1461 690//1461 688//1461
f 810//1462 688//1462 811//1462
f 806//1463 809//1463 810//1463
f 806//1464 810//1464 805//1464
f 805//1465 810//1465 811//1465
f 805//1466 811//1466 808//1466
f 812//1467 671//1467 759//1467
f 812//1468 686//1468 671//1468
f 651//1469 813//1469 759//1469
f 813//1470 812//1470 759//1470
f 811//1471 686//1471 812//1471
f 811//1472 688//1472 686//1472
f 808//1473 812//1473 813//1473
f 808//1474 811//1474 812//1474
f 609//1475 649//1475 558//1475
f 609//1476 814//1476 649//1476
f 612//1477 814//1477 609//1477
f 612//1478 807//1478 814//1478
f 649//1479 814//1479 651//1479
f 814//1480 813//1480 651//1480
f 807//1481 813//1481 814//1481
f 807//1482 808//1482 813//1482
f 815//1483 645//1483 647//1483
f 815//1484 647//1484 816//1484
f 817//1485 815//1485 816//1485
f 817//1486 816//1486 818//1486
f 819//1487 645//1487 815//1487
f 819//1488 632//1488 645//1488
f 820//1489 815//1489 817//1489
f 820//1490 819//1490 815//1490
f 618//1491 821//1491 620//1491
f 618//1492 822//1492 821//1492
f 616//1493 822//1493 618//1493
f 616//1494 823//1494 822//1494
f 822//1495 818//1495 821//1495
f 822//1496 817//1496 818//1496
f 823//1497 817//1497 822//1497
f 823//1498 820//1498 817//1498
f 552//1499 773//1499 824//1499
f 552//1500 824//1500 614//1500
f 770//1501 825//1501 773//1501
f 825//1502 824//1502 773//1502
f 614//1503 824//1503 823//1503
f 614//1504 823//1504 616//1504
f 824//1505 825//1505 820//1505
f 824//1506 820//1506 823//1506
f 768//1507 601//1507 629//1507
f 768//1508 629//1508 826//1508
f 826//1509 629//1509 632//1509
f 826//1510 632//1510 819//1510
f 768//1511 826//1511 770//1511
f 826//1512 825//1512 770//1512
f 825//1513 826//1513 819//1513
f 825//1514 819//1514 820//1514
f 827//1515 749//1515 748//1515
f 827//1516 828//1516 749//1516
f 829//1517 748//1517 746//1517
f 829//1518 827//1518 748//1518
f 830//1519 828//1519 827//1519
f 830//1520 831//1520 828//1520
f 832//1521 827//1521 829//1521
f 832//1522 830//1522 827//1522
f 744//1523 743//1523 833//1523
f 744//1524 833//1524 834//1524
f 834//1525 833//1525 835//1525
f 834//1526 835//1526 836//1526
f 746//1527 744//1527 834//1527
f 746//1528 834//1528 829//1528
f 829//1529 834//1529 836//1529
f 829//1530 836//1530 832//1530
f 836//1531 835//1531 837//1531
f 838//1532 839//1532 840//1532
f 838//1533 837//1533 839//1533
f 841//1534 838//1534 840//1534
f 841//1535 840//1535 842//1535
f 836//1536 837//1536 838//1536
f 832//1537 838//1537 841//1537
f 832//1538 836//1538 838//1538
f 843//1539 831//1539 830//1539
f 844//1540 845//1540 846//1540
f 844//1541 846//1541 843//1541
f 843//1542 846//1542 831//1542
f 842//1543 844//1543 843//1543
f 842//1544 843//1544 841//1544
f 841//1545 843//1545 830//1545
f 841//1546 830//1546 832//1546
f 699//1547 698//1547 847//1547
f 699//1548 847//1548 848//1548
f 698//1549 695//1549 849//1549
f 698//1550 849//1550 847//1550
f 848//1551 847//1551 850//1551
f 848//1552 850//1552 851//1552
f 847//1553 849//1553 852//1553
f 847//1554 852//1554 850//1554
f 853//1555 692//1555 691//1555
f 853//1556 854//1556 692//1556
f 855//1557 854//1557 853//1557
f 855//1558 856//1558 854//1558
f 854//1559 695//1559 692//1559
f 854//1560 849//1560 695//1560
f 856//1561 849//1561 854//1561
f 856//1562 852//1562 849//1562
f 857//1563 856//1563 855//1563
f 858//1564 859//1564 860//1564
f 858//1565 860//1565 857//1565
f 859//1566 861//1566 860//1566
f 859//1567 862//1567 861//1567
f 857//1568 860//1568 856//1568
f 860//1569 861//1569 852//1569
f 860//1570 852//1570 856//1570
f 851//1571 850//1571 863//1571
f 864//1572 865//1572 866//1572
f 864//1573 863//1573 865//1573
f 851//1574 863//1574 864//1574
f 863//1575 862//1575 865//1575
f 863//1576 861//1576 862//1576
f 850//1577 861//1577 863//1577
f 850//1578 852//1578 861//1578
f 867//1579 626//1579 625//1579
f 867//1580 868//1580 626//1580
f 869//1581 625//1581 623//1581
f 869//1582 867//1582 625//1582
f 870//1583 868//1583 867//1583
f 870//1584 871//1584 868//1584
f 872//1585 867//1585 869//1585
f 872//1586 870//1586 867//1586
f 621//1587 620//1587 873//1587
f 621//1588 873//1588 874//1588
f 874//1589 873//1589 875//1589
f 874//1590 875//1590 876//1590
f 623//1591 621//1591 874//1591
f 623//1592 874//1592 869//1592
f 869//1593 874//1593 876//1593
f 869//1594 876//1594 872//1594
f 876//1595 875//1595 877//1595
f 878//1596 879//1596 880//1596
f 878//1597 877//1597 879//1597
f 881//1598 878//1598 880//1598
f 881//1599 880//1599 882//1599
f 876//1600 877//1600 878//1600
f 872//1601 878//1601 881//1601
f 872//1602 876//1602 878//1602
f 883//1603 871//1603 870//1603
f 884//1604 885//1604 886//1604
f 884//1605 886//1605 883//1605
f 883//1606 886//1606 871//1606
f 882//1607 884//1607 883//1607
f 882//1608 883//1608 881//1608
f 881//1609 883//1609 870//1609
f 881//1610 870//1610 872//1610
f 647//1611 646//1611 887//1611
f 647//1612 887//1612 888//1612
f 646//1613 643//1613 889//1613
f 646//1614 889//1614 887//1614
f 888//1615 887//1615 890//1615
f 888//1616 890//1616 891//1616
f 887//1617 889//1617 892//1617
f 887//1618 892//1618 890//1618
f 893//1619 640//1619 639//1619
f 893//1620 894//1620 640//1620
f 895//1621 894//1621 893//1621
f 895//1622 896//1622 894//1622
f 894//1623 643//1623 640//1623
f 894//1624 889//1624 643//1624
f 896//1625 889//1625 894//1625
f 896//1626 892//1626 889//1626
f 897//1627 896//1627 895//1627
f 898//1628 899//1628 900//1628
f 898//1629 900//1629 897//1629
f 899//1630 901//1630 900//1630
f 899//1631 902//1631 901//1631
f 897//1632 900//1632 896//1632
f 900//1633 901//1633 892//1633
f 900//1634 892//1634 896//1634
f 891//1635 890//1635 903//1635
f 904//1636 905//1636 906//1636
f 904//1637 903//1637 905//1637
f 891//1638 903//1638 904//1638
f 903//1639 902//1639 905//1639
f 903//1640 901//1640 902//1640
f 890//1641 901//1641 903//1641
f 890//1642 892//1642 901//1642
f 907//1643 864//1643 866//1643
f 908//1644 909//1644 910//1644
f 908//1645 911//1645 909//1645
f 912//1646 908//1646 910//1646
f 912//1647 910//1647 913//1647
f 914//1648 911//1648 908//1648
f 914//1649 915//1649 911//1649
f 916//1650 908//1650 912//1650
f 916//1651 914//1651 908//1651
f 917//1652 912//1652 913//1652
f 918//1653 919//1653 920//1653
f 918//1654 917//1654 919//1654
f 921//1655 917//1655 918//1655
f 921//1656 922//1656 917//1656
f 917//1657 913//1657 919//1657
f 922//1658 912//1658 917//1658
f 922//1659 916//1659 912//1659
f 923//1660 922//1660 921//1660
f 924//1661 925//1661 926//1661
f 924//1662 926//1662 923//1662
f 925//1663 927//1663 926//1663
f 925//1664 928//1664 927//1664
f 923//1665 926//1665 922//1665
f 926//1666 927//1666 916//1666
f 926//1667 916//1667 922//1667
f 929//1668 915//1668 914//1668
f 930//1669 931//1669 932//1669
f 930//1670 932//1670 929//1670
f 929//1671 932//1671 915//1671
f 928//1672 930//1672 929//1672
f 928//1673 929//1673 927//1673
f 927//1674 929//1674 914//1674
f 927//1675 914//1675 916//1675
f 933//1676 918//1676 920//1676
f 933//1677 920//1677 934//1677
f 935//1678 933//1678 934//1678
f 935//1679 934//1679 936//1679
f 937//1680 918//1680 933//1680
f 937//1681 921//1681 918//1681
f 938//1682 933//1682 935//1682
f 938//1683 937//1683 933//1683
f 936//1684 939//1684 935//1684
f 940//1685 941//1685 942//1685
f 940//1686 942//1686 943//1686
f 942//1687 941//1687 944//1687
f 941//1688 945//1688 944//1688
f 943//1689 942//1689 946//1689
f 943//1690 946//1690 947//1690
f 942//1691 944//1691 948//1691
f 946//1692 942//1692 948//1692
f 944//1693 945//1693 949//1693
f 950//1694 951//1694 952//1694
f 950//1695 952//1695 949//1695
f 949//1696 952//1696 953//1696
f 949//1697 953//1697 954//1697
f 945//1698 950//1698 949//1698
f 944//1699 949//1699 954//1699
f 948//1700 944//1700 954//1700
f 954//1701 953//1701 955//1701
f 956//1702 957//1702 958//1702
f 956//1703 955//1703 957//1703
f 959//1704 956//1704 958//1704
f 959//1705 958//1705 960//1705
f 954//1706 955//1706 956//1706
f 959//1707 948//1707 956//1707
f 948//1708 954//1708 956//1708
f 947//1709 946//1709 961//1709
f 962//1710 963//1710 964//1710
f 962//1711 961//1711 963//1711
f 947//1712 961//1712 962//1712
f 961//1713 960//1713 963//1713
f 961//1714 959//1714 960//1714
f 961//1715 946//1715 959//1715
f 946//1716 948//1716 959//1716
f 965//1717 940//1717 943//1717
f 965//1718 943//1718 939//1718
f 939//1719 943//1719 947//1719
f 939//1720 947//1720 966//1720
f 936//1721 965//1721 939//1721
f 935//1722 939//1722 966//1722
f 935//1723 966//1723 938//1723
f 967//1724 962//1724 964//1724
f 967//1725 964//1725 968//1725
f 969//1726 967//1726 968//1726
f 969//1727 968//1727 970//1727
f 966//1728 962//1728 967//1728
f 966//1729 947//1729 962//1729
f 938//1730 967//1730 969//1730
f 938//1731 966//1731 967//1731
f 971//1732 924//1732 923//1732
f 971//1733 923//1733 972//1733
f 972//1734 923//1734 921//1734
f 972//1735 921//1735 937//1735
f 970//1736 971//1736 972//1736
f 970//1737 972//1737 969//1737
f 969//1738 972//1738 937//1738
f 969//1739 937//1739 938//1739
f 973//1740 951//1740 950//1740
f 973//1741 974//1741 951//1741
f 945//1742 975//1742 950//1742
f 975//1743 973//1743 950//1743
f 976//1744 974//1744 973//1744
f 976//1745 977//1745 974//1745
f 978//1746 973//1746 975//1746
f 978//1747 976//1747 973//1747
f 979//1748 941//1748 940//1748
f 979//1749 980//1749 941//1749
f 981//1750 980//1750 979//1750
f 981//1751 982//1751 980//1751
f 941//1752 980//1752 945//1752
f 980//1753 975//1753 945//1753
f 982//1754 975//1754 980//1754
f 982//1755 978//1755 975//1755
f 983//1756 982//1756 981//1756
f 839//1757 984//1757 985//1757
f 839//1758 985//1758 983//1758
f 984//1759 986//1759 985//1759
f 984//1760 987//1760 986//1760
f 983//1761 985//1761 982//1761
f 985//1762 986//1762 978//1762
f 985//1763 978//1763 982//1763
f 988//1764 977//1764 976//1764
f 989//1765 866//1765 990//1765
f 989//1766 990//1766 988//1766
f 988//1767 990//1767 977//1767
f 987//1768 989//1768 988//1768
f 987//1769 988//1769 986//1769
f 986//1770 988//1770 976//1770
f 986//1771 976//1771 978//1771
f 951//1772 991//1772 952//1772
f 951//1773 992//1773 991//1773
f 992//1774 993//1774 991//1774
f 992//1775 994//1775 993//1775
f 952//1776 991//1776 995//1776
f 952//1777 995//1777 953//1777
f 991//1778 993//1778 996//1778
f 991//1779 996//1779 995//1779
f 997//1780 993//1780 994//1780
f 998//1781 999//1781 1000//1781
f 998//1782 1001//1782 999//1782
f 1002//1783 998//1783 1000//1783
f 1003//1784 1002//1784 1000//1784
f 1004//1785 1001//1785 998//1785
f 1004//1786 1005//1786 1001//1786
f 1002//1787 1006//1787 998//1787
f 1006//1788 1004//1788 998//1788
f 1007//1789 1002//1789 1003//1789
f 1008//1790 1009//1790 1010//1790
f 1008//1791 1007//1791 1009//1791
f 1011//1792 1007//1792 1008//1792
f 1011//1793 1012//1793 1007//1793
f 1009//1794 1007//1794 1003//1794
f 1007//1795 1012//1795 1002//1795
f 1012//1796 1006//1796 1002//1796
f 1013//1797 1012//1797 1011//1797
f 1014//1798 1015//1798 1016//1798
f 1014//1799 1016//1799 1013//1799
f 1015//1800 1017//1800 1016//1800
f 1015//1801 1018//1801 1017//1801
f 1013//1802 1016//1802 1012//1802
f 1016//1803 1017//1803 1006//1803
f 1012//1804 1016//1804 1006//1804
f 1019//1805 1005//1805 1004//1805
f 1020//1806 1021//1806 1022//1806
f 1020//1807 1022//1807 1019//1807
f 1019//1808 1022//1808 1005//1808
f 1018//1809 1020//1809 1019//1809
f 1018//1810 1019//1810 1017//1810
f 1017//1811 1019//1811 1004//1811
f 1006//1812 1017//1812 1004//1812
f 1001//1813 1023//1813 999//1813
f 1001//1814 997//1814 1023//1814
f 1005//1815 997//1815 1001//1815
f 1005//1816 1024//1816 997//1816
f 997//1817 994//1817 1023//1817
f 1024//1818 993//1818 997//1818
f 1024//1819 996//1819 993//1819
f 1021//1820 1025//1820 1022//1820
f 1021//1821 1026//1821 1025//1821
f 1026//1822 1027//1822 1025//1822
f 1026//1823 1028//1823 1027//1823
f 1022//1824 1025//1824 1024//1824
f 1022//1825 1024//1825 1005//1825
f 1025//1826 1027//1826 996//1826
f 1025//1827 996//1827 1024//1827
f 955//1828 1029//1828 957//1828
f 955//1829 1030//1829 1029//1829
f 953//1830 1030//1830 955//1830
f 953//1831 995//1831 1030//1831
f 1030//1832 1028//1832 1029//1832
f 1030//1833 1027//1833 1028//1833
f 995//1834 1027//1834 1030//1834
f 995//1835 996//1835 1027//1835
f 1010//1836 1009//1836 1031//1836
f 1010//1837 1031//1837 1032//1837
f 1009//1838 1003//1838 1033//1838
f 1031//1839 1009//1839 1033//1839
f 1032//1840 1031//1840 1034//1840
f 1032//1841 1034//1841 1035//1841
f 1031//1842 1033//1842 1036//1842
f 1031//1843 1036//1843 1034//1843
f 1000//1844 999//1844 1037//1844
f 1000//1845 1037//1845 1038//1845
f 1038//1846 1037//1846 1039//1846
f 1038//1847 1039//1847 1040//1847
f 1003//1848 1000//1848 1038//1848
f 1033//1849 1003//1849 1038//1849
f 1033//1850 1038//1850 1040//1850
f 1033//1851 1040//1851 1036//1851
f 1040//1852 1039//1852 1041//1852
f 1042//1853 858//1853 1043//1853
f 1042//1854 1041//1854 858//1854
f 1044//1855 1042//1855 1043//1855
f 1044//1856 1043//1856 1045//1856
f 1040//1857 1041//1857 1042//1857
f 1036//1858 1042//1858 1044//1858
f 1036//1859 1040//1859 1042//1859
f 1035//1860 1034//1860 1046//1860
f 1047//1861 1048//1861 885//1861
f 1047//1862 1046//1862 1048//1862
f 1035//1863 1046//1863 1047//1863
f 1046//1864 1045//1864 1048//1864
f 1046//1865 1044//1865 1045//1865
f 1034//1866 1044//1866 1046//1866
f 1034//1867 1036//1867 1044//1867
f 1049//1868 1008//1868 1010//1868
f 1049//1869 1010//1869 1050//1869
f 1051//1870 1049//1870 1050//1870
f 1051//1871 1050//1871 1052//1871
f 1053//1872 1008//1872 1049//1872
f 1053//1873 1011//1873 1008//1873
f 1054//1874 1049//1874 1051//1874
f 1054//1875 1053//1875 1049//1875
f 1052//1876 1055//1876 1051//1876
f 1056//1877 1057//1877 1058//1877
f 1056//1878 1058//1878 1059//1878
f 1060//1879 1058//1879 1057//1879
f 1061//1880 1060//1880 1057//1880
f 1059//1881 1058//1881 1062//1881
f 1059//1882 1062//1882 1063//1882
f 1060//1883 1064//1883 1058//1883
f 1064//1884 1062//1884 1058//1884
f 1065//1885 1060//1885 1061//1885
f 1066//1886 1067//1886 1068//1886
f 1066//1887 1068//1887 1065//1887
f 1065//1888 1068//1888 1069//1888
f 1065//1889 1069//1889 1070//1889
f 1066//1890 1065//1890 1061//1890
f 1065//1891 1070//1891 1060//1891
f 1070//1892 1064//1892 1060//1892
f 1070//1893 1069//1893 1071//1893
f 1072//1894 1073//1894 1074//1894
f 1072//1895 1071//1895 1073//1895
f 1075//1896 1072//1896 1074//1896
f 1075//1897 1074//1897 1076//1897
f 1070//1898 1071//1898 1072//1898
f 1072//1899 1075//1899 1064//1899
f 1070//1900 1072//1900 1064//1900
f 1063//1901 1062//1901 1077//1901
f 1078//1902 1079//1902 1080//1902
f 1078//1903 1077//1903 1079//1903
f 1063//1904 1077//1904 1078//1904
f 1077//1905 1076//1905 1079//1905
f 1077//1906 1075//1906 1076//1906
f 1075//1907 1077//1907 1062//1907
f 1064//1908 1075//1908 1062//1908
f 1081//1909 1056//1909 1059//1909
f 1081//1910 1059//1910 1055//1910
f 1055//1911 1059//1911 1063//1911
f 1055//1912 1063//1912 1082//1912
f 1052//1913 1081//1913 1055//1913
f 1051//1914 1055//1914 1082//1914
f 1051//1915 1082//1915 1054//1915
f 1083//1916 1078//1916 1080//1916
f 1083//1917 1080//1917 1084//1917
f 1085//1918 1083//1918 1084//1918
f 1085//1919 1084//1919 1086//1919
f 1082//1920 1078//1920 1083//1920
f 1082//1921 1063//1921 1078//1921
f 1054//1922 1083//1922 1085//1922
f 1054//1923 1082//1923 1083//1923
f 1087//1924 1014//1924 1013//1924
f 1087//1925 1013//1925 1088//1925
f 1088//1926 1013//1926 1011//1926
f 1088//1927 1011//1927 1053//1927
f 1086//1928 1087//1928 1088//1928
f 1086//1929 1088//1929 1085//1929
f 1085//1930 1088//1930 1053//1930
f 1085//1931 1053//1931 1054//1931
f 1089//1932 1067//1932 1066//1932
f 1089//1933 1090//1933 1067//1933
f 1066//1934 1061//1934 1091//1934
f 1089//1935 1066//1935 1091//1935
f 1092//1936 1090//1936 1089//1936
f 1092//1937 1093//1937 1090//1937
f 1094//1938 1089//1938 1091//1938
f 1094//1939 1092//1939 1089//1939
f 1095//1940 1057//1940 1056//1940
f 1095//1941 1096//1941 1057//1941
f 1097//1942 1096//1942 1095//1942
f 1097//1943 1098//1943 1096//1943
f 1061//1944 1057//1944 1096//1944
f 1091//1945 1061//1945 1096//1945
f 1098//1946 1091//1946 1096//1946
f 1098//1947 1094//1947 1091//1947
f 1099//1948 1098//1948 1097//1948
f 879//1949 1100//1949 1101//1949
f 879//1950 1101//1950 1099//1950
f 1100//1951 1102//1951 1101//1951
f 1100//1952 1103//1952 1102//1952
f 1099//1953 1101//1953 1098//1953
f 1101//1954 1102//1954 1094//1954
f 1101//1955 1094//1955 1098//1955
f 1104//1956 1093//1956 1092//1956
f 1105//1957 906//1957 1106//1957
f 1105//1958 1106//1958 1104//1958
f 1104//1959 1106//1959 1093//1959
f 1103//1960 1105//1960 1104//1960
f 1103//1961 1104//1961 1102//1961
f 1102//1962 1104//1962 1092//1962
f 1102//1963 1092//1963 1094//1963
f 1067//1964 1107//1964 1068//1964
f 1067//1965 1108//1965 1107//1965
f 1108//1966 1109//1966 1107//1966
f 1108//1967 1110//1967 1109//1967
f 1068//1968 1107//1968 1111//1968
f 1068//1969 1111//1969 1069//1969
f 1107//1970 1109//1970 1112//1970
f 1107//1971 1112//1971 1111//1971
f 911//1972 1113//1972 909//1972
f 911//1973 1114//1973 1113//1973
f 915//1974 1114//1974 911//1974
f 915//1975 1115//1975 1114//1975
f 1114//1976 1110//1976 1113//1976
f 1114//1977 1109//1977 1110//1977
f 1115//1978 1109//1978 1114//1978
f 1115//1979 1112//1979 1109//1979
f 931//1980 1116//1980 932//1980
f 931//1981 1117//1981 1116//1981
f 1117//1982 1118//1982 1116//1982
f 1117//1983 1119//1983 1118//1983
f 932//1984 1116//1984 1115//1984
f 932//1985 1115//1985 915//1985
f 1116//1986 1118//1986 1112//1986
f 1116//1987 1112//1987 1115//1987
f 1071//1988 1120//1988 1073//1988
f 1071//1989 1121//1989 1120//1989
f 1069//1990 1121//1990 1071//1990
f 1069//1991 1111//1991 1121//1991
f 1121//1992 1119//1992 1120//1992
f 1121//1993 1118//1993 1119//1993
f 1111//1994 1118//1994 1121//1994
f 1111//1995 1112//1995 1118//1995
f 907//1996 866//1996 989//1996
f 1122//1997 989//1997 987//1997
f 1122//1998 907//1998 989//1998
f 1123//1999 864//1999 907//1999
f 1123//2000 851//2000 864//2000
f 1124//2001 907//2001 1122//2001
f 1124//2002 1123//2002 907//2002
f 837//2003 984//2003 839//2003
f 837//2004 1125//2004 984//2004
f 835//2005 1125//2005 837//2005
f 835//2006 1126//2006 1125//2006
f 1125//2007 987//2007 984//2007
f 1125//2008 1122//2008 987//2008
f 1126//2009 1122//2009 1125//2009
f 1126//2010 1124//2010 1122//2010
f 743//2011 797//2011 1127//2011
f 743//2012 1127//2012 833//2012
f 797//2013 794//2013 1128//2013
f 797//2014 1128//2014 1127//2014
f 833//2015 1127//2015 1126//2015
f 833//2016 1126//2016 835//2016
f 1127//2017 1128//2017 1124//2017
f 1127//2018 1124//2018 1126//2018
f 792//2019 699//2019 848//2019
f 792//2020 848//2020 1129//2020
f 1129//2021 848//2021 851//2021
f 1129//2022 851//2022 1123//2022
f 794//2023 792//2023 1129//2023
f 794//2024 1129//2024 1128//2024
f 1128//2025 1129//2025 1123//2025
f 1128//2026 1123//2026 1124//2026
f 885//2027 1048//2027 1130//2027
f 885//2028 1130//2028 886//2028
f 1048//2029 1045//2029 1131//2029
f 1048//2030 1131//2030 1130//2030
f 886//2031 1130//2031 1132//2031
f 886//2032 1132//2032 871//2032
f 1130//2033 1131//2033 1133//2033
f 1130//2034 1133//2034 1132//2034
f 1043//2035 858//2035 857//2035
f 1043//2036 857//2036 1134//2036
f 1134//2037 857//2037 855//2037
f 1134//2038 855//2038 1135//2038
f 1045//2039 1043//2039 1134//2039
f 1045//2040 1134//2040 1131//2040
f 1131//2041 1134//2041 1135//2041
f 1131//2042 1135//2042 1133//2042
f 1136//2043 691//2043 809//2043
f 1136//2044 853//2044 691//2044
f 1137//2045 809//2045 806//2045
f 1137//2046 1136//2046 809//2046
f 1135//2047 853//2047 1136//2047
f 1135//2048 855//2048 853//2048
f 1133//2049 1136//2049 1137//2049
f 1133//2050 1135//2050 1136//2050
f 868//2051 804//2051 626//2051
f 868//2052 1138//2052 804//2052
f 871//2053 1138//2053 868//2053
f 871//2054 1132//2054 1138//2054
f 1138//2055 806//2055 804//2055
f 1138//2056 1137//2056 806//2056
f 1132//2057 1137//2057 1138//2057
f 1132//2058 1133//2058 1137//2058
f 1139//2059 906//2059 1105//2059
f 1139//2060 904//2060 906//2060
f 1140//2061 1105//2061 1103//2061
f 1140//2062 1139//2062 1105//2062
f 1141//2063 904//2063 1139//2063
f 1141//2064 891//2064 904//2064
f 1142//2065 1139//2065 1140//2065
f 1142//2066 1141//2066 1139//2066
f 877//2067 1100//2067 879//2067
f 877//2068 1143//2068 1100//2068
f 875//2069 1143//2069 877//2069
f 875//2070 1144//2070 1143//2070
f 1143//2071 1103//2071 1100//2071
f 1143//2072 1140//2072 1103//2072
f 1144//2073 1140//2073 1143//2073
f 1144//2074 1142//2074 1140//2074
f 620//2075 821//2075 1145//2075
f 620//2076 1145//2076 873//2076
f 821//2077 818//2077 1146//2077
f 821//2078 1146//2078 1145//2078
f 873//2079 1145//2079 1144//2079
f 873//2080 1144//2080 875//2080
f 1145//2081 1146//2081 1142//2081
f 1145//2082 1142//2082 1144//2082
f 816//2083 647//2083 888//2083
f 816//2084 888//2084 1147//2084
f 1147//2085 888//2085 891//2085
f 1147//2086 891//2086 1141//2086
f 818//2087 816//2087 1147//2087
f 818//2088 1147//2088 1146//2088
f 1146//2089 1147//2089 1141//2089
f 1146//2090 1141//2090 1142//2090
f 845//2091 1148//2091 846//2091
f 845//2092 1149//2092 1148//2092
f 1150//2093 1148//2093 1149//2093
f 1151//2094 1150//2094 1149//2094
f 846//2095 1148//2095 1152//2095
f 846//2096 1152//2096 831//2096
f 1148//2097 1150//2097 1153//2097
f 1148//2098 1153//2098 1152//2098
f 1154//2099 898//2099 897//2099
f 1154//2100 897//2100 1155//2100
f 1155//2101 897//2101 895//2101
f 1155//2102 895//2102 1156//2102
f 1154//2103 1155//2103 1151//2103
f 1151//2104 1155//2104 1150//2104
f 1150//2105 1155//2105 1156//2105
f 1150//2106 1156//2106 1153//2106
f 1157//2107 893//2107 639//2107
f 1157//2108 639//2108 1158//2108
f 1157//2109 1158//2109 1159//2109
f 1158//2110 1160//2110 1159//2110
f 1156//2111 893//2111 1157//2111
f 1156//2112 895//2112 893//2112
f 1153//2113 1157//2113 1159//2113
f 1153//2114 1156//2114 1157//2114
f 828//2115 1161//2115 749//2115
f 828//2116 1162//2116 1161//2116
f 831//2117 1162//2117 828//2117
f 831//2118 1152//2118 1162//2118
f 1160//2119 1161//2119 1162//2119
f 1162//2120 1159//2120 1160//2120
f 1152//2121 1159//2121 1162//2121
f 1152//2122 1153//2122 1159//2122
f 1163//2123 845//2123 844//2123
f 1163//2124 1164//2124 845//2124
f 1165//2125 844//2125 842//2125
f 1165//2126 1163//2126 844//2126
f 1166//2127 1164//2127 1163//2127
f 1166//2128 1167//2128 1164//2128
f 1168//2129 1163//2129 1165//2129
f 1163//2130 1168//2130 1166//2130
f 840//2131 839//2131 983//2131
f 840//2132 983//2132 1169//2132
f 1169//2133 983//2133 981//2133
f 1169//2134 981//2134 1170//2134
f 842//2135 840//2135 1169//2135
f 842//2136 1169//2136 1165//2136
f 1165//2137 1169//2137 1170//2137
f 1165//2138 1170//2138 1168//2138
f 1171//2139 940//2139 965//2139
f 1171//2140 979//2140 940//2140
f 1172//2141 965//2141 936//2141
f 1172//2142 1171//2142 965//2142
f 1170//2143 979//2143 1171//2143
f 1170//2144 981//2144 979//2144
f 1168//2145 1171//2145 1172//2145
f 1168//2146 1170//2146 1171//2146
f 934//2147 920//2147 1173//2147
f 934//2148 1173//2148 1174//2148
f 1174//2149 1173//2149 1167//2149
f 1174//2150 1167//2150 1166//2150
f 936//2151 934//2151 1174//2151
f 936//2152 1174//2152 1172//2152
f 1172//2153 1174//2153 1166//2153
f 1166//2154 1168//2154 1172//2154
f 866//2155 865//2155 1175//2155
f 866//2156 1175//2156 990//2156
f 865//2157 862//2157 1176//2157
f 865//2158 1176//2158 1175//2158
f 990//2159 1175//2159 1177//2159
f 990//2160 1177//2160 977//2160
f 1175//2161 1176//2161 1178//2161
f 1175//2162 1178//2162 1177//2162
f 1041//2163 859//2163 858//2163
f 1041//2164 1179//2164 859//2164
f 1039//2165 1179//2165 1041//2165
f 1039//2166 1180//2166 1179//2166
f 1179//2167 862//2167 859//2167
f 1179//2168 1176//2168 862//2168
f 1180//2169 1176//2169 1179//2169
f 1180//2170 1178//2170 1176//2170
f 999//2171 1023//2171 1181//2171
f 999//2172 1181//2172 1037//2172
f 1023//2173 994//2173 1182//2173
f 1023//2174 1182//2174 1181//2174
f 1037//2175 1181//2175 1180//2175
f 1037//2176 1180//2176 1039//2176
f 1181//2177 1182//2177 1178//2177
f 1181//2178 1178//2178 1180//2178
f 974//2179 992//2179 951//2179
f 974//2180 1183//2180 992//2180
f 977//2181 1183//2181 974//2181
f 977//2182 1177//2182 1183//2182
f 1183//2183 994//2183 992//2183
f 1183//2184 1182//2184 994//2184
f 1177//2185 1182//2185 1183//2185
f 1177//2186 1178//2186 1182//2186
f 1184//2187 885//2187 884//2187
f 1184//2188 1047//2188 885//2188
f 1185//2189 884//2189 882//2189
f 1185//2190 1184//2190 884//2190
f 1186//2191 1047//2191 1184//2191
f 1186//2192 1035//2192 1047//2192
f 1187//2193 1184//2193 1185//2193
f 1187//2194 1186//2194 1184//2194
f 880//2195 879//2195 1099//2195
f 880//2196 1099//2196 1188//2196
f 1188//2197 1099//2197 1097//2197
f 1188//2198 1097//2198 1189//2198
f 882//2199 880//2199 1188//2199
f 882//2200 1188//2200 1185//2200
f 1185//2201 1188//2201 1189//2201
f 1185//2202 1189//2202 1187//2202
f 1190//2203 1056//2203 1081//2203
f 1190//2204 1095//2204 1056//2204
f 1191//2205 1081//2205 1052//2205
f 1191//2206 1190//2206 1081//2206
f 1189//2207 1095//2207 1190//2207
f 1189//2208 1097//2208 1095//2208
f 1187//2209 1190//2209 1191//2209
f 1187//2210 1189//2210 1190//2210
f 1050//2211 1010//2211 1032//2211
f 1050//2212 1032//2212 1192//2212
f 1192//2213 1032//2213 1035//2213
f 1192//2214 1035//2214 1186//2214
f 1052//2215 1050//2215 1192//2215
f 1052//2216 1192//2216 1191//2216
f 1191//2217 1192//2217 1186//2217
f 1191//2218 1186//2218 1187//2218
f 906//2219 905//2219 1193//2219
f 906//2220 1193//2220 1106//2220
f 905//2221 902//2221 1194//2221
f 905//2222 1194//2222 1193//2222
f 1106//2223 1193//2223 1195//2223
f 1106//2224 1195//2224 1093//2224
f 1193//2225 1194//2225 1196//2225
f 1193//2226 1196//2226 1195//2226
f 1197//2227 899//2227 898//2227
f 1197//2228 1198//2228 899//2228
f 1199//2229 1198//2229 1197//2229
f 1199//2230 1200//2230 1198//2230
f 1198//2231 902//2231 899//2231
f 1198//2232 1194//2232 902//2232
f 1200//2233 1194//2233 1198//2233
f 1194//2234 1200//2234 1196//2234
f 909//2235 1113//2235 1201//2235
f 909//2236 1201//2236 1202//2236
f 1113//2237 1110//2237 1203//2237
f 1113//2238 1203//2238 1201//2238
f 1202//2239 1201//2239 1200//2239
f 1202//2240 1200//2240 1199//2240
f 1201//2241 1203//2241 1196//2241
f 1196//2242 1200//2242 1201//2242
f 1090//2243 1108//2243 1067//2243
f 1090//2244 1204//2244 1108//2244
f 1093//2245 1204//2245 1090//2245
f 1093//2246 1195//2246 1204//2246
f 1204//2247 1110//2247 1108//2247
f 1204//2248 1203//2248 1110//2248
f 1195//2249 1203//2249 1204//2249
f 1195//2250 1196//2250 1203//2250
f 1205//2251 924//2251 971//2251
f 1205//2252 1206//2252 924//2252
f 1207//2253 971//2253 970//2253
f 1207//2254 1205//2254 971//2254
f 1205//2255 1208//2255 1206//2255
f 1208//2256 1209//2256 1206//2256
f 1207//2257 1210//2257 1205//2257
f 1210//2258 1208//2258 1205//2258
f 968//2259 964//2259 1211//2259
f 968//2260 1211//2260 1212//2260
f 1211//2261 1213//2261 1212//2261
f 1213//2262 1214//2262 1212//2262
f 970//2263 968//2263 1212//2263
f 970//2264 1212//2264 1207//2264
f 1212//2265 1214//2265 1207//2265
f 1214//2266 1210//2266 1207//2266
f 1213//2267 1215//2267 1214//2267
f 1216//2268 1217//2268 1218//2268
f 1215//2269 1216//2269 1218//2269
f 1218//2270 1217//2270 1219//2270
f 1217//2271 1220//2271 1219//2271
f 1215//2272 1218//2272 1214//2272
f 1218//2273 1219//2273 1210//2273
f 1214//2274 1218//2274 1210//2274
f 1208//2275 1221//2275 1209//2275
f 1222//2276 1223//2276 1224//2276
f 1221//2277 1222//2277 1224//2277
f 1221//2278 1224//2278 1209//2278
f 1221//2279 1220//2279 1222//2279
f 1219//2280 1220//2280 1221//2280
f 1208//2281 1219//2281 1221//2281
f 1210//2282 1219//2282 1208//2282
f 964//2283 963//2283 1225//2283
f 1211//2284 964//2284 1225//2284
f 963//2285 960//2285 1226//2285
f 1225//2286 963//2286 1226//2286
f 1225//2287 1227//2287 1211//2287
f 1227//2288 1213//2288 1211//2288
f 1226//2289 1228//2289 1225//2289
f 1228//2290 1227//2290 1225//2290
f 958//2291 957//2291 1229//2291
f 1230//2292 958//2292 1229//2292
f 1229//2293 1231//2293 1230//2293
f 1231//2294 1232//2294 1230//2294
f 960//2295 958//2295 1230//2295
f 1226//2296 960//2296 1230//2296
f 1230//2297 1232//2297 1226//2297
f 1232//2298 1228//2298 1226//2298
f 1231//2299 1233//2299 1232//2299
f 1234//2300 1235//2300 1236//2300
f 1233//2301 1234//2301 1236//2301
f 1236//2302 1235//2302 1237//2302
f 1235//2303 1238//2303 1237//2303
f 1233//2304 1236//2304 1232//2304
f 1236//2305 1237//2305 1228//2305
f 1232//2306 1236//2306 1228//2306
f 1239//2307 1216//2307 1215//2307
f 1240//2308 1239//2308 1215//2308
f 1240//2309 1215//2309 1213//2309
f 1227//2310 1240//2310 1213//2310
f 1238//2311 1239//2311 1240//2311
f 1237//2312 1238//2312 1240//2312
f 1237//2313 1240//2313 1227//2313
f 1228//2314 1237//2314 1227//2314
f 957//2315 1029//2315 1241//2315
f 957//2316 1241//2316 1229//2316
f 1029//2317 1028//2317 1242//2317
f 1029//2318 1242//2318 1241//2318
f 1241//2319 1243//2319 1229//2319
f 1243//2320 1231//2320 1229//2320
f 1242//2321 1244//2321 1241//2321
f 1244//2322 1243//2322 1241//2322
f 1245//2323 1026//2323 1021//2323
f 1245//2324 1246//2324 1026//2324
f 1246//2325 1245//2325 1247//2325
f 1248//2326 1246//2326 1247//2326
f 1246//2327 1028//2327 1026//2327
f 1246//2328 1242//2328 1028//2328
f 1242//2329 1246//2329 1248//2329
f 1244//2330 1242//2330 1248//2330
f 1248//2331 1247//2331 1249//2331
f 1250//2332 1251//2332 1252//2332
f 1251//2333 1249//2333 1252//2333
f 1253//2334 1251//2334 1250//2334
f 1254//2335 1253//2335 1250//2335
f 1251//2336 1248//2336 1249//2336
f 1253//2337 1244//2337 1251//2337
f 1244//2338 1248//2338 1251//2338
f 1255//2339 1234//2339 1233//2339
f 1256//2340 1255//2340 1233//2340
f 1256//2341 1233//2341 1231//2341
f 1243//2342 1256//2342 1231//2342
f 1254//2343 1255//2343 1256//2343
f 1253//2344 1254//2344 1256//2344
f 1253//2345 1256//2345 1243//2345
f 1244//2346 1253//2346 1243//2346
f 1020//2347 1257//2347 1021//2347
f 1257//2348 1245//2348 1021//2348
f 1018//2349 1258//2349 1020//2349
f 1258//2350 1257//2350 1020//2350
f 1245//2351 1257//2351 1259//2351
f 1247//2352 1245//2352 1259//2352
f 1257//2353 1258//2353 1260//2353
f 1259//2354 1257//2354 1260//2354
f 1014//2355 1261//2355 1015//2355
f 1261//2356 1262//2356 1015//2356
f 1262//2357 1261//2357 1263//2357
f 1264//2358 1262//2358 1263//2358
f 1015//2359 1262//2359 1018//2359
f 1262//2360 1258//2360 1018//2360
f 1258//2361 1262//2361 1264//2361
f 1260//2362 1258//2362 1264//2362
f 1264//2363 1263//2363 1265//2363
f 1266//2364 1267//2364 1268//2364
f 1267//2365 1265//2365 1268//2365
f 1269//2366 1267//2366 1266//2366
f 1270//2367 1269//2367 1266//2367
f 1267//2368 1264//2368 1265//2368
f 1269//2369 1260//2369 1267//2369
f 1260//2370 1264//2370 1267//2370
f 1252//2371 1249//2371 1271//2371
f 1249//2372 1272//2372 1271//2372
f 1249//2373 1247//2373 1272//2373
f 1247//2374 1259//2374 1272//2374
f 1271//2375 1272//2375 1270//2375
f 1272//2376 1269//2376 1270//2376
f 1272//2377 1259//2377 1269//2377
f 1259//2378 1260//2378 1269//2378
f 1273//2379 1014//2379 1087//2379
f 1273//2380 1261//2380 1014//2380
f 1274//2381 1087//2381 1086//2381
f 1274//2382 1273//2382 1087//2382
f 1261//2383 1273//2383 1275//2383
f 1263//2384 1261//2384 1275//2384
f 1273//2385 1274//2385 1276//2385
f 1275//2386 1273//2386 1276//2386
f 1084//2387 1080//2387 1277//2387
f 1084//2388 1277//2388 1278//2388
f 1278//2389 1277//2389 1279//2389
f 1280//2390 1278//2390 1279//2390
f 1086//2391 1084//2391 1278//2391
f 1086//2392 1278//2392 1274//2392
f 1274//2393 1278//2393 1280//2393
f 1276//2394 1274//2394 1280//2394
f 1280//2395 1279//2395 1281//2395
f 1282//2396 1283//2396 1284//2396
f 1283//2397 1281//2397 1284//2397
f 1285//2398 1283//2398 1282//2398
f 1286//2399 1285//2399 1282//2399
f 1283//2400 1280//2400 1281//2400
f 1276//2401 1283//2401 1285//2401
f 1276//2402 1280//2402 1283//2402
f 1268//2403 1265//2403 1287//2403
f 1265//2404 1288//2404 1287//2404
f 1265//2405 1263//2405 1288//2405
f 1263//2406 1275//2406 1288//2406
f 1287//2407 1288//2407 1286//2407
f 1286//2408 1288//2408 1285//2408
f 1288//2409 1275//2409 1285//2409
f 1285//2410 1275//2410 1276//2410
f 1079//2411 1289//2411 1080//2411
f 1289//2412 1277//2412 1080//2412
f 1076//2413 1290//2413 1079//2413
f 1290//2414 1289//2414 1079//2414
f 1277//2415 1289//2415 1291//2415
f 1279//2416 1277//2416 1291//2416
f 1289//2417 1290//2417 1292//2417
f 1291//2418 1289//2418 1292//2418
f 1073//2419 1293//2419 1074//2419
f 1293//2420 1294//2420 1074//2420
f 1294//2421 1293//2421 1295//2421
f 1296//2422 1294//2422 1295//2422
f 1074//2423 1294//2423 1076//2423
f 1294//2424 1290//2424 1076//2424
f 1290//2425 1294//2425 1296//2425
f 1292//2426 1290//2426 1296//2426
f 1296//2427 1295//2427 1297//2427
f 1298//2428 1299//2428 1300//2428
f 1299//2429 1297//2429 1300//2429
f 1301//2430 1299//2430 1298//2430
f 1302//2431 1301//2431 1298//2431
f 1299//2432 1296//2432 1297//2432
f 1301//2433 1292//2433 1299//2433
f 1292//2434 1296//2434 1299//2434
f 1284//2435 1281//2435 1303//2435
f 1281//2436 1304//2436 1303//2436
f 1281//2437 1279//2437 1304//2437
f 1279//2438 1291//2438 1304//2438
f 1303//2439 1304//2439 1302//2439
f 1304//2440 1301//2440 1302//2440
f 1304//2441 1291//2441 1301//2441
f 1291//2442 1292//2442 1301//2442
f 1073//2443 1120//2443 1305//2443
f 1073//2444 1305//2444 1293//2444
f 1120//2445 1119//2445 1306//2445
f 1120//2446 1306//2446 1305//2446
f 1293//2447 1305//2447 1307//2447
f 1295//2448 1293//2448 1307//2448
f 1305//2449 1306//2449 1308//2449
f 1307//2450 1305//2450 1308//2450
f 1309//2451 1117//2451 931//2451
f 1309//2452 1310//2452 1117//2452
f 1309//2453 1311//2453 1310//2453
f 1311//2454 1312//2454 1310//2454
f 1310//2455 1119//2455 1117//2455
f 1310//2456 1306//2456 1119//2456
f 1310//2457 1312//2457 1306//2457
f 1312//2458 1308//2458 1306//2458
f 1311//2459 1313//2459 1312//2459
f 1314//2460 1315//2460 1316//2460
f 1313//2461 1314//2461 1316//2461
f 1316//2462 1315//2462 1317//2462
f 1315//2463 1318//2463 1317//2463
f 1313//2464 1316//2464 1312//2464
f 1316//2465 1317//2465 1308//2465
f 1312//2466 1316//2466 1308//2466
f 1300//2467 1297//2467 1319//2467
f 1297//2468 1320//2468 1319//2468
f 1297//2469 1295//2469 1320//2469
f 1295//2470 1307//2470 1320//2470
f 1319//2471 1320//2471 1318//2471
f 1320//2472 1317//2472 1318//2472
f 1320//2473 1307//2473 1317//2473
f 1307//2474 1308//2474 1317//2474
f 931//2475 930//2475 1321//2475
f 1309//2476 931//2476 1321//2476
f 930//2477 928//2477 1322//2477
f 1321//2478 930//2478 1322//2478
f 1321//2479 1323//2479 1309//2479
f 1323//2480 1311//2480 1309//2480
f 1322//2481 1324//2481 1321//2481
f 1324//2482 1323//2482 1321//2482
f 925//2483 924//2483 1206//2483
f 1325//2484 925//2484 1206//2484
f 1206//2485 1209//2485 1325//2485
f 1209//2486 1326//2486 1325//2486
f 928//2487 925//2487 1325//2487
f 1322//2488 928//2488 1325//2488
f 1325//2489 1326//2489 1322//2489
f 1326//2490 1324//2490 1322//2490
f 1224//2491 1223//2491 1327//2491
f 1223//2492 1328//2492 1327//2492
f 1327//2493 1328//2493 1329//2493
f 1328//2494 1330//2494 1329//2494
f 1224//2495 1327//2495 1326//2495
f 1209//2496 1224//2496 1326//2496
f 1327//2497 1329//2497 1324//2497
f 1326//2498 1327//2498 1324//2498
f 1331//2499 1314//2499 1313//2499
f 1332//2500 1331//2500 1313//2500
f 1332//2501 1313//2501 1311//2501
f 1323//2502 1332//2502 1311//2502
f 1330//2503 1331//2503 1332//2503
f 1329//2504 1330//2504 1332//2504
f 1329//2505 1332//2505 1323//2505
f 1324//2506 1329//2506 1323//2506
f 716//2507 1333//2507 717//2507
f 1333//2508 1334//2508 717//2508
f 1335//2509 716//2509 711//2509
f 1335//2510 1333//2510 716//2510
f 1334//2511 1333//2511 1336//2511
f 1337//2512 1334//2512 1336//2512
f 1338//2513 1333//2513 1335//2513
f 1336//2514 1333//2514 1338//2514
f 421//2515 422//2515 708//2515
f 422//2516 1339//2516 708//2516
f 1339//2517 422//2517 426//2517
f 1340//2518 1339//2518 426//2518
f 711//2519 708//2519 1339//2519
f 711//2520 1339//2520 1335//2520
f 1335//2521 1339//2521 1340//2521
f 1338//2522 1335//2522 1340//2522
f 461//2523 1341//2523 462//2523
f 1341//2524 606//2524 462//2524
f 459//2525 1342//2525 461//2525
f 1342//2526 1341//2526 461//2526
f 1341//2527 1340//2527 606//2527
f 1340//2528 426//2528 606//2528
f 1342//2529 1338//2529 1341//2529
f 1338//2530 1340//2530 1341//2530
f 1343//2531 456//2531 455//2531
f 1343//2532 1344//2532 456//2532
f 1343//2533 1337//2533 1344//2533
f 1337//2534 1336//2534 1344//2534
f 456//2535 1344//2535 459//2535
f 1344//2536 1342//2536 459//2536
f 1344//2537 1336//2537 1342//2537
f 1342//2538 1336//2538 1338//2538
f 757//2539 1345//2539 655//2539
f 1345//2540 1346//2540 655//2540
f 756//2541 1347//2541 757//2541
f 1347//2542 1345//2542 757//2542
f 1346//2543 1345//2543 1348//2543
f 1349//2544 1346//2544 1348//2544
f 1345//2545 1347//2545 1350//2545
f 1348//2546 1345//2546 1350//2546
f 717//2547 1334//2547 754//2547
f 1334//2548 1351//2548 754//2548
f 1351//2549 1334//2549 1337//2549
f 1352//2550 1351//2550 1337//2550
f 754//2551 1351//2551 756//2551
f 1351//2552 1347//2552 756//2552
f 1347//2553 1351//2553 1352//2553
f 1350//2554 1347//2554 1352//2554
f 1353//2555 455//2555 454//2555
f 1353//2556 1343//2556 455//2556
f 1354//2557 454//2557 452//2557
f 1354//2558 1353//2558 454//2558
f 1353//2559 1352//2559 1343//2559
f 1352//2560 1337//2560 1343//2560
f 1354//2561 1350//2561 1353//2561
f 1350//2562 1352//2562 1353//2562
f 1355//2563 450//2563 449//2563
f 1355//2564 1356//2564 450//2564
f 1355//2565 1349//2565 1356//2565
f 1349//2566 1348//2566 1356//2566
f 1356//2567 452//2567 450//2567
f 1356//2568 1354//2568 452//2568
f 1356//2569 1348//2569 1354//2569
f 1348//2570 1350//2570 1354//2570
f 667//2571 666//2571 1357//2571
f 1358//2572 667//2572 1357//2572
f 666//2573 660//2573 1359//2573
f 666//2574 1359//2574 1357//2574
f 1357//2575 1360//2575 1358//2575
f 1360//2576 1361//2576 1358//2576
f 1359//2577 1362//2577 1357//2577
f 1357//2578 1362//2578 1360//2578
f 655//2579 1346//2579 656//2579
f 1346//2580 1363//2580 656//2580
f 1363//2581 1346//2581 1349//2581
f 1364//2582 1363//2582 1349//2582
f 1363//2583 660//2583 656//2583
f 1363//2584 1359//2584 660//2584
f 1359//2585 1363//2585 1364//2585
f 1362//2586 1359//2586 1364//2586
f 1365//2587 449//2587 482//2587
f 1365//2588 1355//2588 449//2588
f 1366//2589 482//2589 481//2589
f 1366//2590 1365//2590 482//2590
f 1365//2591 1364//2591 1355//2591
f 1364//2592 1349//2592 1355//2592
f 1366//2593 1362//2593 1365//2593
f 1362//2594 1364//2594 1365//2594
f 1367//2595 477//2595 479//2595
f 1368//2596 477//2596 1367//2596
f 1361//2597 1368//2597 1367//2597
f 1360//2598 1368//2598 1361//2598
f 1368//2599 481//2599 477//2599
f 1366//2600 481//2600 1368//2600
f 1360//2601 1366//2601 1368//2601
f 1362//2602 1366//2602 1360//2602
f 512//2603 765//2603 1369//2603
f 513//2604 512//2604 1369//2604
f 765//2605 764//2605 1370//2605
f 1369//2606 765//2606 1370//2606
f 1369//2607 1371//2607 513//2607
f 1371//2608 514//2608 513//2608
f 1370//2609 1372//2609 1369//2609
f 1372//2610 1371//2610 1369//2610
f 762//2611 667//2611 1358//2611
f 1373//2612 762//2612 1358//2612
f 1358//2613 1361//2613 1373//2613
f 1361//2614 1374//2614 1373//2614
f 764//2615 762//2615 1373//2615
f 1370//2616 764//2616 1373//2616
f 1373//2617 1374//2617 1370//2617
f 1374//2618 1372//2618 1370//2618
f 479//2619 476//2619 1375//2619
f 1367//2620 479//2620 1375//2620
f 476//2621 474//2621 1376//2621
f 1375//2622 476//2622 1376//2622
f 1367//2623 1375//2623 1374//2623
f 1361//2624 1367//2624 1374//2624
f 1375//2625 1376//2625 1372//2625
f 1374//2626 1375//2626 1372//2626
f 471//2627 473//2627 516//2627
f 1377//2628 471//2628 516//2628
f 1377//2629 516//2629 514//2629
f 1371//2630 1377//2630 514//2630
f 474//2631 471//2631 1377//2631
f 1376//2632 474//2632 1377//2632
f 1376//2633 1377//2633 1371//2633
f 1372//2634 1376//2634 1371//2634
f 749//2635 1161//2635 1378//2635
f 1378//2636 1379//2636 749//2636
f 1160//2637 1380//2637 1161//2637
f 1380//2638 1378//2638 1161//2638
f 1378//2639 1381//2639 1379//2639
f 1381//2640 1382//2640 1379//2640
f 1380//2641 1383//2641 1378//2641
f 1383//2642 1381//2642 1378//2642
f 639//2643 1384//2643 1158//2643
f 1158//2644 1384//2644 1385//2644
f 1384//2645 1386//2645 1385//2645
f 1385//2646 1386//2646 1387//2646
f 1158//2647 1385//2647 1160//2647
f 1385//2648 1380//2648 1160//2648
f 1385//2649 1387//2649 1380//2649
f 1387//2650 1383//2650 1380//2650
f 1387//2651 1386//2651 1388//2651
f 1389//2652 28//2652 1390//2652
f 1389//2653 1388//2653 28//2653
f 1391//2654 1389//2654 1390//2654
f 1391//2655 1390//2655 1392//2655
f 1389//2656 1387//2656 1388//2656
f 1391//2657 1383//2657 1389//2657
f 1383//2658 1387//2658 1389//2658
f 1382//2659 1381//2659 1393//2659
f 1394//2660 1395//2660 1396//2660
f 1394//2661 1393//2661 1395//2661
f 1382//2662 1393//2662 1394//2662
f 1393//2663 1392//2663 1395//2663
f 1393//2664 1391//2664 1392//2664
f 1393//2665 1381//2665 1391//2665
f 1381//2666 1383//2666 1391//2666
f 732//2667 1397//2667 729//2667
f 732//2668 418//2668 1397//2668
f 735//2669 418//2669 732//2669
f 735//2670 1398//2670 418//2670
f 418//2671 414//2671 1397//2671
f 1398//2672 413//2672 418//2672
f 1398//2673 417//2673 413//2673
f 749//2674 1379//2674 1399//2674
f 749//2675 1399//2675 750//2675
f 1379//2676 1382//2676 1400//2676
f 1379//2677 1400//2677 1399//2677
f 750//2678 1399//2678 1398//2678
f 750//2679 1398//2679 735//2679
f 1399//2680 1400//2680 417//2680
f 1399//2681 417//2681 1398//2681
f 1396//2682 1401//2682 1394//2682
f 1394//2683 1401//2683 1402//2683
f 416//2684 1402//2684 1401//2684
f 416//2685 415//2685 1402//2685
f 1382//2686 1394//2686 1402//2686
f 1382//2687 1402//2687 1400//2687
f 1400//2688 1402//2688 415//2688
f 1400//2689 415//2689 417//2689
f 919//2690 1403//2690 920//2690
f 1403//2691 1404//2691 920//2691
f 913//2692 1405//2692 919//2692
f 1405//2693 1403//2693 919//2693
f 1404//2694 1403//2694 1406//2694
f 1404//2695 1406//2695 1407//2695
f 1403//2696 1405//2696 1408//2696
f 1406//2697 1403//2697 1408//2697
f 909//2698 1409//2698 910//2698
f 1409//2699 1410//2699 910//2699
f 1410//2700 1409//2700 1411//2700
f 1412//2701 1410//2701 1411//2701
f 910//2702 1410//2702 913//2702
f 1410//2703 1405//2703 913//2703
f 1405//2704 1410//2704 1412//2704
f 1408//2705 1405//2705 1412//2705
f 1412//2706 1411//2706 1413//2706
f 1414//2707 1415//2707 1416//2707
f 1414//2708 1413//2708 1415//2708
f 1417//2709 1414//2709 1416//2709
f 1418//2710 1417//2710 1416//2710
f 1412//2711 1413//2711 1414//2711
f 1408//2712 1414//2712 1417//2712
f 1408//2713 1412//2713 1414//2713
f 1407//2714 1406//2714 1419//2714
f 1420//2715 1421//2715 207//2715
f 1420//2716 1419//2716 1421//2716
f 1407//2717 1419//2717 1420//2717
f 1419//2718 1418//2718 1421//2718
f 1419//2719 1417//2719 1418//2719
f 1419//2720 1406//2720 1417//2720
f 1406//2721 1408//2721 1417//2721
f 909//2722 1202//2722 1422//2722
f 1409//2723 909//2723 1422//2723
f 1202//2724 1199//2724 1423//2724
f 1422//2725 1202//2725 1423//2725
f 1409//2726 1422//2726 1424//2726
f 1411//2727 1409//2727 1424//2727
f 1422//2728 1423//2728 1425//2728
f 1424//2729 1422//2729 1425//2729
f 1426//2730 1197//2730 898//2730
f 1427//2731 1197//2731 1426//2731
f 1428//2732 1427//2732 1426//2732
f 1427//2733 1428//2733 1429//2733
f 1427//2734 1199//2734 1197//2734
f 1423//2735 1199//2735 1427//2735
f 1429//2736 1423//2736 1427//2736
f 1425//2737 1423//2737 1429//2737
f 1429//2738 1428//2738 1430//2738
f 1431//2739 1432//2739 172//2739
f 1432//2740 1430//2740 172//2740
f 1432//2741 1431//2741 1433//2741
f 1431//2742 1434//2742 1433//2742
f 1429//2743 1430//2743 1432//2743
f 1433//2744 1425//2744 1432//2744
f 1425//2745 1429//2745 1432//2745
f 1435//2746 1415//2746 1413//2746
f 1435//2747 1413//2747 1436//2747
f 1436//2748 1413//2748 1411//2748
f 1424//2749 1436//2749 1411//2749
f 1434//2750 1435//2750 1436//2750
f 1433//2751 1434//2751 1436//2751
f 1433//2752 1436//2752 1424//2752
f 1424//2753 1425//2753 1433//2753
f 207//2754 1421//2754 409//2754
f 1421//2755 1418//2755 1437//2755
f 409//2756 1421//2756 1437//2756
f 205//2757 409//2757 1438//2757
f 205//2758 1438//2758 209//2758
f 409//2759 1437//2759 1439//2759
f 409//2760 1439//2760 1438//2760
f 1416//2761 1415//2761 1440//2761
f 1416//2762 1440//2762 1441//2762
f 1441//2763 1440//2763 1442//2763
f 1441//2764 1442//2764 1443//2764
f 1418//2765 1416//2765 1441//2765
f 1437//2766 1418//2766 1441//2766
f 1437//2767 1441//2767 1443//2767
f 1437//2768 1443//2768 1439//2768
f 1444//2769 135//2769 134//2769
f 1444//2770 1445//2770 135//2770
f 1446//2771 134//2771 129//2771
f 1446//2772 1444//2772 134//2772
f 1443//2773 1445//2773 1444//2773
f 1443//2774 1442//2774 1445//2774
f 1439//2775 1444//2775 1446//2775
f 1439//2776 1443//2776 1444//2776
f 212//2777 125//2777 124//2777
f 212//2778 1447//2778 125//2778
f 209//2779 1447//2779 212//2779
f 209//2780 1438//2780 1447//2780
f 1447//2781 129//2781 125//2781
f 1447//2782 1446//2782 129//2782
f 1438//2783 1446//2783 1447//2783
f 1438//2784 1439//2784 1446//2784
f 1448//2785 1415//2785 1435//2785
f 1448//2786 1440//2786 1415//2786
f 1434//2787 1449//2787 1435//2787
f 1449//2788 1448//2788 1435//2788
f 1450//2789 1440//2789 1448//2789
f 1450//2790 1442//2790 1440//2790
f 1449//2791 1451//2791 1448//2791
f 1451//2792 1450//2792 1448//2792
f 1431//2793 172//2793 173//2793
f 173//2794 1452//2794 1431//2794
f 1452//2795 173//2795 177//2795
f 1452//2796 177//2796 1453//2796
f 1431//2797 1452//2797 1434//2797
f 1452//2798 1449//2798 1434//2798
f 1452//2799 1453//2799 1449//2799
f 1453//2800 1451//2800 1449//2800
f 1454//2801 158//2801 157//2801
f 1454//2802 192//2802 158//2802
f 157//2803 152//2803 1455//2803
f 157//2804 1455//2804 1454//2804
f 1453//2805 192//2805 1454//2805
f 1453//2806 177//2806 192//2806
f 1454//2807 1455//2807 1451//2807
f 1454//2808 1451//2808 1453//2808
f 150//2809 135//2809 1445//2809
f 150//2810 1445//2810 1456//2810
f 1456//2811 1445//2811 1442//2811
f 1456//2812 1442//2812 1450//2812
f 152//2813 150//2813 1456//2813
f 152//2814 1456//2814 1455//2814
f 1455//2815 1456//2815 1450//2815
f 1455//2816 1450//2816 1451//2816
f 180//2817 182//2817 1457//2817
f 1458//2818 180//2818 1457//2818
f 182//2819 175//2819 1459//2819
f 1457//2820 182//2820 1459//2820
f 1457//2821 1460//2821 1458//2821
f 1460//2822 1461//2822 1458//2822
f 1459//2823 1462//2823 1457//2823
f 1462//2824 1460//2824 1457//2824
f 170//2825 172//2825 1430//2825
f 1463//2826 170//2826 1430//2826
f 1430//2827 1428//2827 1463//2827
f 1428//2828 1464//2828 1463//2828
f 175//2829 170//2829 1463//2829
f 1459//2830 175//2830 1463//2830
f 1463//2831 1464//2831 1459//2831
f 1464//2832 1462//2832 1459//2832
f 1465//2833 898//2833 1154//2833
f 1426//2834 898//2834 1465//2834
f 1154//2835 1151//2835 1466//2835
f 1465//2836 1154//2836 1466//2836
f 1426//2837 1465//2837 1464//2837
f 1428//2838 1426//2838 1464//2838
f 1465//2839 1466//2839 1462//2839
f 1464//2840 1465//2840 1462//2840
f 1467//2841 1149//2841 845//2841
f 1468//2842 1149//2842 1467//2842
f 1461//2843 1468//2843 1467//2843
f 1460//2844 1468//2844 1461//2844
f 1151//2845 1149//2845 1468//2845
f 1466//2846 1151//2846 1468//2846
f 1466//2847 1468//2847 1460//2847
f 1462//2848 1466//2848 1460//2848
f 920//2849 1404//2849 1469//2849
f 920//2850 1469//2850 1173//2850
f 1404//2851 1407//2851 1470//2851
f 1404//2852 1470//2852 1469//2852
f 1173//2853 1469//2853 1471//2853
f 1173//2854 1471//2854 1167//2854
f 1469//2855 1470//2855 1472//2855
f 1469//2856 1472//2856 1471//2856
f 207//2857 204//2857 1420//2857
f 1420//2858 204//2858 1473//2858
f 202//2859 1473//2859 204//2859
f 202//2860 1474//2860 1473//2860
f 1473//2861 1407//2861 1420//2861
f 1473//2862 1470//2862 1407//2862
f 1474//2863 1470//2863 1473//2863
f 1470//2864 1474//2864 1472//2864
f 180//2865 1458//2865 1475//2865
f 180//2866 1475//2866 200//2866
f 1458//2867 1461//2867 1476//2867
f 1458//2868 1476//2868 1475//2868
f 200//2869 1475//2869 1474//2869
f 200//2870 1474//2870 202//2870
f 1472//2871 1475//2871 1476//2871
f 1472//2872 1474//2872 1475//2872
f 1164//2873 1467//2873 845//2873
f 1164//2874 1477//2874 1467//2874
f 1167//2875 1477//2875 1164//2875
f 1167//2876 1471//2876 1477//2876
f 1477//2877 1461//2877 1467//2877
f 1461//2878 1477//2878 1476//2878
f 1471//2879 1476//2879 1477//2879
f 1471//2880 1472//2880 1476//2880
f 1396//2881 1395//2881 1478//2881
f 1396//2882 1478//2882 1479//2882
f 1395//2883 1392//2883 1480//2883
f 1478//2884 1395//2884 1480//2884
f 1479//2885 1478//2885 1481//2885
f 1479//2886 1481//2886 1482//2886
f 1478//2887 1480//2887 1483//2887
f 1481//2888 1478//2888 1483//2888
f 1390//2889 28//2889 30//2889
f 1390//2890 30//2890 1484//2890
f 1484//2891 30//2891 34//2891
f 1484//2892 34//2892 1485//2892
f 1392//2893 1390//2893 1484//2893
f 1480//2894 1392//2894 1484//2894
f 1480//2895 1484//2895 1485//2895
f 1483//2896 1480//2896 1485//2896
f 1486//2897 13//2897 12//2897
f 1486//2898 50//2898 13//2898
f 6//2899 1487//2899 12//2899
f 12//2900 1487//2900 1486//2900
f 1485//2901 50//2901 1486//2901
f 1485//2902 34//2902 50//2902
f 1487//2903 1483//2903 1486//2903
f 1486//2904 1483//2904 1485//2904
f 1488//2905 2//2905 1//2905
f 1488//2906 1489//2906 2//2906
f 1482//2907 1489//2907 1488//2907
f 1482//2908 1481//2908 1489//2908
f 2//2909 1489//2909 6//2909
f 6//2910 1489//2910 1487//2910
f 1489//2911 1481//2911 1487//2911
f 1487//2912 1481//2912 1483//2912
f 39//2913 1490//2913 37//2913
f 37//2914 1490//2914 1491//2914
f 32//2915 1492//2915 39//2915
f 39//2916 1492//2916 1490//2916
f 1490//2917 1493//2917 1491//2917
f 1491//2918 1493//2918 1494//2918
f 1492//2919 1495//2919 1490//2919
f 1495//2920 1493//2920 1490//2920
f 29//2921 28//2921 1388//2921
f 29//2922 1388//2922 1496//2922
f 1388//2923 1386//2923 1496//2923
f 1386//2924 1497//2924 1496//2924
f 32//2925 29//2925 1496//2925
f 1492//2926 32//2926 1496//2926
f 1496//2927 1497//2927 1492//2927
f 1497//2928 1495//2928 1492//2928
f 639//2929 638//2929 1498//2929
f 1384//2930 639//2930 1498//2930
f 638//2931 636//2931 1499//2931
f 1498//2932 638//2932 1499//2932
f 1384//2933 1498//2933 1497//2933
f 1386//2934 1384//2934 1497//2934
f 1498//2935 1499//2935 1495//2935
f 1497//2936 1498//2936 1495//2936
f 1500//2937 634//2937 593//2937
f 1501//2938 634//2938 1500//2938
f 1494//2939 1501//2939 1500//2939
f 1493//2940 1501//2940 1494//2940
f 1501//2941 636//2941 634//2941
f 1499//2942 636//2942 1501//2942
f 1493//2943 1499//2943 1501//2943
f 1495//2944 1499//2944 1493//2944
f 60//2945 1502//2945 58//2945
f 58//2946 1502//2946 411//2946
f 60//2947 54//2947 1503//2947
f 1502//2948 60//2948 1503//2948
f 1502//2949 1504//2949 411//2949
f 411//2950 1504//2950 414//2950
f 1503//2951 1505//2951 1502//2951
f 1505//2952 1504//2952 1502//2952
f 37//2953 1491//2953 52//2953
f 1491//2954 1506//2954 52//2954
f 1494//2955 1506//2955 1491//2955
f 1494//2956 1507//2956 1506//2956
f 54//2957 52//2957 1506//2957
f 1503//2958 54//2958 1506//2958
f 1506//2959 1507//2959 1503//2959
f 1507//2960 1505//2960 1503//2960
f 1508//2961 593//2961 785//2961
f 593//2962 1508//2962 1500//2962
f 1509//2963 785//2963 782//2963
f 1508//2964 785//2964 1509//2964
f 1500//2965 1508//2965 1507//2965
f 1500//2966 1507//2966 1494//2966
f 1508//2967 1509//2967 1505//2967
f 1507//2968 1508//2968 1505//2968
f 729//2969 1397//2969 780//2969
f 1397//2970 1510//2970 780//2970
f 414//2971 1510//2971 1397//2971
f 1504//2972 1510//2972 414//2972
f 782//2973 780//2973 1510//2973
f 1510//2974 1509//2974 782//2974
f 1509//2975 1510//2975 1504//2975
f 1505//2976 1509//2976 1504//2976
f 65//2977 63//2977 1511//2977
f 108//2978 65//2978 1511//2978
f 63//2979 61//2979 1512//2979
f 1511//2980 63//2980 1512//2980
f 108//2981 1511//2981 1513//2981
f 108//2982 1513//2982 110//2982
f 1511//2983 1512//2983 1514//2983
f 1511//2984 1514//2984 1513//2984
f 59//2985 58//2985 412//2985
f 59//2986 412//2986 1515//2986
f 1515//2987 412//2987 416//2987
f 1515//2988 416//2988 1516//2988
f 61//2989 59//2989 1515//2989
f 1512//2990 61//2990 1515//2990
f 1512//2991 1515//2991 1516//2991
f 1512//2992 1516//2992 1514//2992
f 1479//2993 1517//2993 1396//2993
f 1517//2994 1401//2994 1396//2994
f 1482//2995 1518//2995 1479//2995
f 1518//2996 1517//2996 1479//2996
f 1516//2997 1401//2997 1517//2997
f 1516//2998 416//2998 1401//2998
f 1518//2999 1514//2999 1517//2999
f 1514//3000 1516//3000 1517//3000
f 1//3001 113//3001 1488//3001
f 113//3002 1519//3002 1488//3002
f 113//3003 110//3003 1519//3003
f 110//3004 1513//3004 1519//3004
f 1488//3005 1519//3005 1482//3005
f 1519//3006 1518//3006 1482//3006
f 1519//3007 1513//3007 1518//3007
f 1513//3008 1514//3008 1518//3008
f 1223//3009 1222//3009 1520//3009
f 1521//3010 1223//3010 1520//3010
f 1222//3011 1220//3011 1522//3011
f 1520//3012 1222//3012 1522//3012
f 1521//3013 1520//3013 1523//3013
f 1521//3014 1523//3014 1524//3014
f 1520//3015 1522//3015 1525//3015
f 1520//3016 1525//3016 1523//3016
f 1217//3017 1216//3017 1526//3017
f 1527//3018 1217//3018 1526//3018
f 1528//3019 1527//3019 1526//3019
f 1528//3020 1529//3020 1527//3020
f 1220//3021 1217//3021 1527//3021
f 1522//3022 1220//3022 1527//3022
f 1529//3023 1522//3023 1527//3023
f 1529//3024 1525//3024 1522//3024
f 1530//3025 1529//3025 1528//3025
f 1531//3026 1532//3026 1533//3026
f 1533//3027 1534//3027 1531//3027
f 1535//3028 1533//3028 1532//3028
f 1535//3029 1532//3029 1536//3029
f 1534//3030 1533//3030 1537//3030
f 1534//3031 1537//3031 1538//3031
f 1539//3032 1533//3032 1535//3032
f 1539//3033 1537//3033 1533//3033
f 1535//3034 1536//3034 1540//3034
f 1541//3035 1542//3035 1543//3035
f 1541//3036 1543//3036 1544//3036
f 1542//3037 1545//3037 1543//3037
f 1542//3038 1546//3038 1545//3038
f 1544//3039 1543//3039 1547//3039
f 1544//3040 1547//3040 1548//3040
f 1549//3041 1543//3041 1545//3041
f 1549//3042 1547//3042 1543//3042
f 1550//3043 1545//3043 1546//3043
f 1551//3044 1552//3044 1553//3044
f 1552//3045 1550//3045 1553//3045
f 1550//3046 1552//3046 1554//3046
f 1555//3047 1550//3047 1554//3047
f 1553//3048 1550//3048 1546//3048
f 1555//3049 1545//3049 1550//3049
f 1549//3050 1545//3050 1555//3050
f 1555//3051 1554//3051 1556//3051
f 1557//3052 1558//3052 1559//3052
f 1557//3053 1560//3053 1558//3053
f 1561//3054 1557//3054 1559//3054
f 1561//3055 1559//3055 1562//3055
f 1563//3056 1560//3056 1557//3056
f 1563//3057 1564//3057 1560//3057
f 1557//3058 1561//3058 1565//3058
f 1557//3059 1565//3059 1563//3059
f 1566//3060 1561//3060 1562//3060
f 1567//3061 1568//3061 1569//3061
f 1568//3062 1566//3062 1569//3062
f 1566//3063 1568//3063 1570//3063
f 1571//3064 1566//3064 1570//3064
f 1569//3065 1566//3065 1562//3065
f 1561//3066 1566//3066 1571//3066
f 1565//3067 1561//3067 1571//3067
f 1571//3068 1570//3068 1572//3068
f 1573//3069 1574//3069 1575//3069
f 1573//3070 1576//3070 1574//3070
f 1577//3071 1573//3071 1575//3071
f 1577//3072 1575//3072 1578//3072
f 1576//3073 1573//3073 1579//3073
f 1580//3074 1576//3074 1579//3074
f 1581//3075 1573//3075 1577//3075
f 1581//3076 1579//3076 1573//3076
f 1582//3077 1577//3077 1578//3077
f 1583//3078 1584//3078 1585//3078
f 1583//3079 1585//3079 1582//3079
f 1582//3080 1585//3080 1586//3080
f 1582//3081 1586//3081 1587//3081
f 1582//3082 1578//3082 1583//3082
f 1587//3083 1577//3083 1582//3083
f 1587//3084 1581//3084 1577//3084
f 1587//3085 1586//3085 1588//3085
f 1589//3086 1590//3086 1591//3086
f 1590//3087 1589//3087 1588//3087
f 1591//3088 1592//3088 1589//3088
f 1591//3089 1593//3089 1592//3089
f 1587//3090 1588//3090 1589//3090
f 1589//3091 1592//3091 1581//3091
f 1589//3092 1581//3092 1587//3092
f 1580//3093 1579//3093 1594//3093
f 1595//3094 1596//3094 1597//3094
f 1594//3095 1595//3095 1597//3095
f 1597//3096 1580//3096 1594//3096
f 1593//3097 1595//3097 1594//3097
f 1592//3098 1593//3098 1594//3098
f 1592//3099 1594//3099 1579//3099
f 1579//3100 1581//3100 1592//3100
f 1576//3101 1598//3101 1574//3101
f 1598//3102 1572//3102 1574//3102
f 1599//3103 1576//3103 1580//3103
f 1599//3104 1598//3104 1576//3104
f 1598//3105 1571//3105 1572//3105
f 1565//3106 1598//3106 1599//3106
f 1565//3107 1571//3107 1598//3107
f 1597//3108 1596//3108 1600//3108
f 1597//3109 1600//3109 1601//3109
f 1601//3110 1600//3110 1564//3110
f 1601//3111 1564//3111 1563//3111
f 1601//3112 1580//3112 1597//3112
f 1601//3113 1599//3113 1580//3113
f 1563//3114 1599//3114 1601//3114
f 1563//3115 1565//3115 1599//3115
f 1574//3116 1572//3116 1602//3116
f 1574//3117 1602//3117 1556//3117
f 1572//3118 1570//3118 1603//3118
f 1572//3119 1603//3119 1602//3119
f 1602//3120 1555//3120 1556//3120
f 1602//3121 1603//3121 1549//3121
f 1602//3122 1549//3122 1555//3122
f 1604//3123 1568//3123 1567//3123
f 1604//3124 1605//3124 1568//3124
f 1548//3125 1605//3125 1604//3125
f 1548//3126 1547//3126 1605//3126
f 1570//3127 1568//3127 1605//3127
f 1570//3128 1605//3128 1603//3128
f 1603//3129 1605//3129 1547//3129
f 1603//3130 1547//3130 1549//3130
f 1606//3131 1584//3131 1583//3131
f 1540//3132 1606//3132 1583//3132
f 1583//3133 1578//3133 1540//3133
f 1578//3134 1607//3134 1540//3134
f 1536//3135 1606//3135 1540//3135
f 1607//3136 1535//3136 1540//3136
f 1607//3137 1539//3137 1535//3137
f 1574//3138 1556//3138 1608//3138
f 1575//3139 1574//3139 1608//3139
f 1556//3140 1554//3140 1609//3140
f 1556//3141 1609//3141 1608//3141
f 1575//3142 1608//3142 1607//3142
f 1578//3143 1575//3143 1607//3143
f 1608//3144 1609//3144 1539//3144
f 1608//3145 1539//3145 1607//3145
f 1610//3146 1552//3146 1551//3146
f 1610//3147 1611//3147 1552//3147
f 1538//3148 1611//3148 1610//3148
f 1538//3149 1537//3149 1611//3149
f 1554//3150 1552//3150 1611//3150
f 1554//3151 1611//3151 1609//3151
f 1609//3152 1611//3152 1537//3152
f 1609//3153 1537//3153 1539//3153
f 1612//3154 1591//3154 1590//3154
f 1613//3155 1612//3155 1590//3155
f 1614//3156 1612//3156 1613//3156
f 1615//3157 1614//3157 1613//3157
f 1612//3158 1616//3158 1591//3158
f 1616//3159 1593//3159 1591//3159
f 1614//3160 1617//3160 1612//3160
f 1617//3161 1616//3161 1612//3161
f 1618//3162 1614//3162 1615//3162
f 1619//3163 1620//3163 1621//3163
f 1620//3164 1618//3164 1621//3164
f 1620//3165 1622//3165 1618//3165
f 1622//3166 1623//3166 1618//3166
f 1621//3167 1618//3167 1615//3167
f 1618//3168 1623//3168 1614//3168
f 1623//3169 1617//3169 1614//3169
f 1623//3170 1622//3170 1624//3170
f 1625//3171 1626//3171 1627//3171
f 1626//3172 1624//3172 1627//3172
f 1628//3173 1626//3173 1625//3173
f 1629//3174 1628//3174 1625//3174
f 1626//3175 1623//3175 1624//3175
f 1628//3176 1617//3176 1626//3176
f 1617//3177 1623//3177 1626//3177
f 1596//3178 1595//3178 1630//3178
f 1595//3179 1631//3179 1630//3179
f 1595//3180 1593//3180 1631//3180
f 1593//3181 1616//3181 1631//3181
f 1630//3182 1631//3182 1629//3182
f 1631//3183 1628//3183 1629//3183
f 1631//3184 1616//3184 1628//3184
f 1616//3185 1617//3185 1628//3185
f 1596//3186 1630//3186 1632//3186
f 1600//3187 1596//3187 1632//3187
f 1630//3188 1629//3188 1633//3188
f 1632//3189 1630//3189 1633//3189
f 1600//3190 1632//3190 1634//3190
f 1600//3191 1634//3191 1564//3191
f 1632//3192 1633//3192 1635//3192
f 1632//3193 1635//3193 1634//3193
f 1625//3194 1627//3194 1636//3194
f 1637//3195 1625//3195 1636//3195
f 1637//3196 1636//3196 1638//3196
f 1639//3197 1637//3197 1638//3197
f 1629//3198 1625//3198 1637//3198
f 1633//3199 1629//3199 1637//3199
f 1633//3200 1637//3200 1639//3200
f 1635//3201 1633//3201 1639//3201
f 1639//3202 1638//3202 1640//3202
f 1641//3203 1642//3203 1643//3203
f 1642//3204 1640//3204 1643//3204
f 1644//3205 1642//3205 1641//3205
f 1645//3206 1644//3206 1641//3206
f 1642//3207 1639//3207 1640//3207
f 1644//3208 1635//3208 1642//3208
f 1635//3209 1639//3209 1642//3209
f 1558//3210 1560//3210 1646//3210
f 1560//3211 1647//3211 1646//3211
f 1564//3212 1647//3212 1560//3212
f 1564//3213 1634//3213 1647//3213
f 1646//3214 1647//3214 1645//3214
f 1647//3215 1644//3215 1645//3215
f 1634//3216 1644//3216 1647//3216
f 1634//3217 1635//3217 1644//3217
f 1558//3218 1646//3218 1648//3218
f 1559//3219 1558//3219 1648//3219
f 1646//3220 1645//3220 1649//3220
f 1648//3221 1646//3221 1649//3221
f 1559//3222 1648//3222 1650//3222
f 1562//3223 1559//3223 1650//3223
f 1648//3224 1649//3224 1651//3224
f 1650//3225 1648//3225 1651//3225
f 1641//3226 1643//3226 1652//3226
f 1653//3227 1641//3227 1652//3227
f 1653//3228 1652//3228 1654//3228
f 1655//3229 1653//3229 1654//3229
f 1645//3230 1641//3230 1653//3230
f 1649//3231 1645//3231 1653//3231
f 1649//3232 1653//3232 1655//3232
f 1651//3233 1649//3233 1655//3233
f 1654//3234 1656//3234 1655//3234
f 1657//3235 1658//3235 1659//3235
f 1656//3236 1657//3236 1659//3236
f 1659//3237 1658//3237 1660//3237
f 1658//3238 1661//3238 1660//3238
f 1656//3239 1659//3239 1655//3239
f 1659//3240 1660//3240 1651//3240
f 1655//3241 1659//3241 1651//3241
f 1662//3242 1567//3242 1569//3242
f 1663//3243 1662//3243 1569//3243
f 1663//3244 1569//3244 1562//3244
f 1650//3245 1663//3245 1562//3245
f 1661//3246 1662//3246 1663//3246
f 1660//3247 1661//3247 1663//3247
f 1660//3248 1663//3248 1650//3248
f 1651//3249 1660//3249 1650//3249
f 1664//3250 1567//3250 1662//3250
f 1664//3251 1604//3251 1567//3251
f 1661//3252 1665//3252 1662//3252
f 1665//3253 1664//3253 1662//3253
f 1666//3254 1604//3254 1664//3254
f 1666//3255 1548//3255 1604//3255
f 1667//3256 1664//3256 1665//3256
f 1667//3257 1666//3257 1664//3257
f 1657//3258 1668//3258 1658//3258
f 1668//3259 1669//3259 1658//3259
f 1668//3260 1670//3260 1669//3260
f 1670//3261 1671//3261 1669//3261
f 1658//3262 1669//3262 1661//3262
f 1669//3263 1665//3263 1661//3263
f 1669//3264 1671//3264 1665//3264
f 1671//3265 1667//3265 1665//3265
f 1670//3266 1672//3266 1671//3266
f 1673//3267 1674//3267 1675//3267
f 1672//3268 1673//3268 1675//3268
f 1675//3269 1674//3269 1676//3269
f 1674//3270 1677//3270 1676//3270
f 1672//3271 1675//3271 1671//3271
f 1675//3272 1676//3272 1667//3272
f 1671//3273 1675//3273 1667//3273
f 1678//3274 1541//3274 1544//3274
f 1679//3275 1678//3275 1544//3275
f 1679//3276 1544//3276 1548//3276
f 1679//3277 1548//3277 1666//3277
f 1677//3278 1678//3278 1679//3278
f 1676//3279 1677//3279 1679//3279
f 1676//3280 1679//3280 1666//3280
f 1676//3281 1666//3281 1667//3281
f 1678//3282 1680//3282 1541//3282
f 1680//3283 1542//3283 1541//3283
f 1677//3284 1681//3284 1678//3284
f 1681//3285 1680//3285 1678//3285
f 1680//3286 1682//3286 1542//3286
f 1682//3287 1546//3287 1542//3287
f 1681//3288 1683//3288 1680//3288
f 1683//3289 1682//3289 1680//3289
f 1673//3290 1684//3290 1674//3290
f 1684//3291 1685//3291 1674//3291
f 1684//3292 1686//3292 1685//3292
f 1686//3293 1687//3293 1685//3293
f 1674//3294 1685//3294 1677//3294
f 1685//3295 1681//3295 1677//3295
f 1685//3296 1687//3296 1681//3296
f 1687//3297 1683//3297 1681//3297
f 1687//3298 1686//3298 1688//3298
f 1689//3299 1690//3299 1691//3299
f 1690//3300 1688//3300 1691//3300
f 1692//3301 1690//3301 1689//3301
f 1693//3302 1692//3302 1689//3302
f 1690//3303 1687//3303 1688//3303
f 1692//3304 1683//3304 1690//3304
f 1683//3305 1687//3305 1690//3305
f 1551//3306 1553//3306 1694//3306
f 1553//3307 1695//3307 1694//3307
f 1553//3308 1546//3308 1695//3308
f 1546//3309 1682//3309 1695//3309
f 1694//3310 1695//3310 1693//3310
f 1695//3311 1692//3311 1693//3311
f 1695//3312 1682//3312 1692//3312
f 1682//3313 1683//3313 1692//3313
f 1696//3314 1551//3314 1694//3314
f 1610//3315 1551//3315 1696//3315
f 1694//3316 1693//3316 1697//3316
f 1696//3317 1694//3317 1697//3317
f 1698//3318 1610//3318 1696//3318
f 1698//3319 1538//3319 1610//3319
f 1699//3320 1696//3320 1697//3320
f 1699//3321 1698//3321 1696//3321
f 1689//3322 1691//3322 1700//3322
f 1701//3323 1689//3323 1700//3323
f 1701//3324 1700//3324 1702//3324
f 1703//3325 1701//3325 1702//3325
f 1693//3326 1689//3326 1701//3326
f 1697//3327 1693//3327 1701//3327
f 1697//3328 1701//3328 1703//3328
f 1699//3329 1697//3329 1703//3329
f 1703//3330 1702//3330 1704//3330
f 1705//3331 1706//3331 1707//3331
f 1706//3332 1704//3332 1707//3332
f 1708//3333 1706//3333 1705//3333
f 1709//3334 1708//3334 1705//3334
f 1706//3335 1703//3335 1704//3335
f 1708//3336 1699//3336 1706//3336
f 1699//3337 1703//3337 1706//3337
f 1531//3338 1534//3338 1710//3338
f 1534//3339 1711//3339 1710//3339
f 1711//3340 1534//3340 1538//3340
f 1711//3341 1538//3341 1698//3341
f 1710//3342 1711//3342 1709//3342
f 1711//3343 1708//3343 1709//3343
f 1708//3344 1711//3344 1698//3344
f 1708//3345 1698//3345 1699//3345
f 1531//3346 1710//3346 1712//3346
f 1532//3347 1531//3347 1712//3347
f 1710//3348 1709//3348 1713//3348
f 1712//3349 1710//3349 1713//3349
f 1532//3350 1712//3350 1714//3350
f 1536//3351 1532//3351 1714//3351
f 1712//3352 1713//3352 1715//3352
f 1714//3353 1712//3353 1715//3353
f 1705//3354 1707//3354 1716//3354
f 1717//3355 1705//3355 1716//3355
f 1717//3356 1716//3356 1718//3356
f 1719//3357 1717//3357 1718//3357
f 1709//3358 1705//3358 1717//3358
f 1713//3359 1709//3359 1717//3359
f 1713//3360 1717//3360 1719//3360
f 1715//3361 1713//3361 1719//3361
f 1718//3362 1720//3362 1719//3362
f 1721//3363 1722//3363 1723//3363
f 1720//3364 1721//3364 1723//3364
f 1723//3365 1722//3365 1724//3365
f 1722//3366 1725//3366 1724//3366
f 1720//3367 1723//3367 1719//3367
f 1723//3368 1724//3368 1715//3368
f 1719//3369 1723//3369 1715//3369
f 1726//3370 1584//3370 1606//3370
f 1727//3371 1726//3371 1606//3371
f 1727//3372 1606//3372 1536//3372
f 1714//3373 1727//3373 1536//3373
f 1725//3374 1726//3374 1727//3374
f 1724//3375 1725//3375 1727//3375
f 1724//3376 1727//3376 1714//3376
f 1715//3377 1724//3377 1714//3377
f 1584//3378 1726//3378 1728//3378
f 1728//3379 1585//3379 1584//3379
f 1725//3380 1729//3380 1726//3380
f 1729//3381 1728//3381 1726//3381
f 1585//3382 1728//3382 1730//3382
f 1585//3383 1730//3383 1586//3383
f 1728//3384 1729//3384 1731//3384
f 1728//3385 1731//3385 1730//3385
f 1721//3386 1732//3386 1722//3386
f 1732//3387 1733//3387 1722//3387
f 1732//3388 1734//3388 1733//3388
f 1734//3389 1735//3389 1733//3389
f 1722//3390 1733//3390 1725//3390
f 1733//3391 1729//3391 1725//3391
f 1733//3392 1735//3392 1729//3392
f 1735//3393 1731//3393 1729//3393
f 1619//3394 1621//3394 1736//3394
f 1737//3395 1619//3395 1736//3395
f 1621//3396 1615//3396 1738//3396
f 1736//3397 1621//3397 1738//3397
f 1737//3398 1736//3398 1735//3398
f 1734//3399 1737//3399 1735//3399
f 1736//3400 1738//3400 1731//3400
f 1735//3401 1736//3401 1731//3401
f 1613//3402 1590//3402 1588//3402
f 1739//3403 1613//3403 1588//3403
f 1586//3404 1739//3404 1588//3404
f 1586//3405 1730//3405 1739//3405
f 1615//3406 1613//3406 1739//3406
f 1738//3407 1615//3407 1739//3407
f 1730//3408 1738//3408 1739//3408
f 1730//3409 1731//3409 1738//3409
f 1627//3410 1624//3410 1740//3410
f 1627//3411 1740//3411 1530//3411
f 1624//3412 1622//3412 1741//3412
f 1624//3413 1741//3413 1740//3413
f 1530//3414 1740//3414 1529//3414
f 1740//3415 1741//3415 1525//3415
f 1740//3416 1525//3416 1529//3416
f 1742//3417 1620//3417 1619//3417
f 1742//3418 1743//3418 1620//3418
f 1524//3419 1743//3419 1742//3419
f 1524//3420 1523//3420 1743//3420
f 1743//3421 1622//3421 1620//3421
f 1743//3422 1741//3422 1622//3422
f 1523//3423 1741//3423 1743//3423
f 1523//3424 1525//3424 1741//3424
f 1216//3425 1239//3425 1744//3425
f 1526//3426 1216//3426 1744//3426
f 1239//3427 1238//3427 1745//3427
f 1744//3428 1239//3428 1745//3428
f 1746//3429 1526//3429 1744//3429
f 1746//3430 1528//3430 1526//3430
f 1744//3431 1745//3431 1747//3431
f 1746//3432 1744//3432 1747//3432
f 1235//3433 1234//3433 1748//3433
f 1749//3434 1235//3434 1748//3434
f 1750//3435 1749//3435 1748//3435
f 1750//3436 1751//3436 1749//3436
f 1238//3437 1235//3437 1749//3437
f 1745//3438 1238//3438 1749//3438
f 1745//3439 1749//3439 1751//3439
f 1747//3440 1745//3440 1751//3440
f 1643//3441 1640//3441 1752//3441
f 1643//3442 1752//3442 1753//3442
f 1640//3443 1638//3443 1754//3443
f 1640//3444 1754//3444 1752//3444
f 1753//3445 1752//3445 1751//3445
f 1753//3446 1751//3446 1750//3446
f 1752//3447 1754//3447 1747//3447
f 1752//3448 1747//3448 1751//3448
f 1636//3449 1627//3449 1530//3449
f 1636//3450 1530//3450 1755//3450
f 1755//3451 1530//3451 1528//3451
f 1755//3452 1528//3452 1746//3452
f 1638//3453 1636//3453 1755//3453
f 1638//3454 1755//3454 1754//3454
f 1754//3455 1755//3455 1746//3455
f 1754//3456 1746//3456 1747//3456
f 1234//3457 1255//3457 1756//3457
f 1748//3458 1234//3458 1756//3458
f 1255//3459 1254//3459 1757//3459
f 1756//3460 1255//3460 1757//3460
f 1758//3461 1748//3461 1756//3461
f 1758//3462 1750//3462 1748//3462
f 1759//3463 1756//3463 1757//3463
f 1759//3464 1758//3464 1756//3464
f 1252//3465 1760//3465 1250//3465
f 1760//3466 1761//3466 1250//3466
f 1761//3467 1760//3467 1762//3467
f 1761//3468 1762//3468 1763//3468
f 1250//3469 1761//3469 1254//3469
f 1761//3470 1757//3470 1254//3470
f 1757//3471 1761//3471 1763//3471
f 1757//3472 1763//3472 1759//3472
f 1764//3473 1657//3473 1656//3473
f 1764//3474 1765//3474 1657//3474
f 1766//3475 1656//3475 1654//3475
f 1766//3476 1764//3476 1656//3476
f 1763//3477 1765//3477 1764//3477
f 1763//3478 1762//3478 1765//3478
f 1759//3479 1764//3479 1766//3479
f 1759//3480 1763//3480 1764//3480
f 1652//3481 1643//3481 1753//3481
f 1652//3482 1753//3482 1767//3482
f 1767//3483 1753//3483 1750//3483
f 1767//3484 1750//3484 1758//3484
f 1654//3485 1652//3485 1767//3485
f 1654//3486 1767//3486 1766//3486
f 1766//3487 1767//3487 1758//3487
f 1766//3488 1758//3488 1759//3488
f 1271//3489 1768//3489 1252//3489
f 1768//3490 1760//3490 1252//3490
f 1270//3491 1769//3491 1271//3491
f 1769//3492 1768//3492 1271//3492
f 1760//3493 1768//3493 1770//3493
f 1760//3494 1770//3494 1762//3494
f 1769//3495 1771//3495 1768//3495
f 1771//3496 1770//3496 1768//3496
f 1268//3497 1772//3497 1266//3497
f 1772//3498 1773//3498 1266//3498
f 1773//3499 1772//3499 1774//3499
f 1773//3500 1774//3500 1775//3500
f 1266//3501 1773//3501 1270//3501
f 1773//3502 1769//3502 1270//3502
f 1773//3503 1775//3503 1769//3503
f 1775//3504 1771//3504 1769//3504
f 1776//3505 1673//3505 1672//3505
f 1776//3506 1777//3506 1673//3506
f 1778//3507 1672//3507 1670//3507
f 1778//3508 1776//3508 1672//3508
f 1775//3509 1777//3509 1776//3509
f 1775//3510 1774//3510 1777//3510
f 1771//3511 1776//3511 1778//3511
f 1771//3512 1775//3512 1776//3512
f 1765//3513 1668//3513 1657//3513
f 1765//3514 1779//3514 1668//3514
f 1762//3515 1779//3515 1765//3515
f 1762//3516 1770//3516 1779//3516
f 1779//3517 1670//3517 1668//3517
f 1779//3518 1778//3518 1670//3518
f 1770//3519 1778//3519 1779//3519
f 1770//3520 1771//3520 1778//3520
f 1287//3521 1780//3521 1268//3521
f 1780//3522 1772//3522 1268//3522
f 1286//3523 1781//3523 1287//3523
f 1781//3524 1780//3524 1287//3524
f 1772//3525 1780//3525 1782//3525
f 1772//3526 1782//3526 1774//3526
f 1780//3527 1781//3527 1783//3527
f 1780//3528 1783//3528 1782//3528
f 1284//3529 1784//3529 1282//3529
f 1784//3530 1785//3530 1282//3530
f 1786//3531 1785//3531 1784//3531
f 1786//3532 1787//3532 1785//3532
f 1282//3533 1785//3533 1286//3533
f 1785//3534 1781//3534 1286//3534
f 1787//3535 1781//3535 1785//3535
f 1787//3536 1783//3536 1781//3536
f 1691//3537 1688//3537 1788//3537
f 1691//3538 1788//3538 1789//3538
f 1688//3539 1686//3539 1790//3539
f 1688//3540 1790//3540 1788//3540
f 1789//3541 1788//3541 1787//3541
f 1789//3542 1787//3542 1786//3542
f 1788//3543 1790//3543 1783//3543
f 1788//3544 1783//3544 1787//3544
f 1777//3545 1684//3545 1673//3545
f 1777//3546 1791//3546 1684//3546
f 1774//3547 1791//3547 1777//3547
f 1774//3548 1782//3548 1791//3548
f 1791//3549 1686//3549 1684//3549
f 1791//3550 1790//3550 1686//3550
f 1782//3551 1790//3551 1791//3551
f 1782//3552 1783//3552 1790//3552
f 1303//3553 1792//3553 1284//3553
f 1792//3554 1784//3554 1284//3554
f 1302//3555 1793//3555 1303//3555
f 1793//3556 1792//3556 1303//3556
f 1794//3557 1784//3557 1792//3557
f 1794//3558 1786//3558 1784//3558
f 1793//3559 1795//3559 1792//3559
f 1795//3560 1794//3560 1792//3560
f 1300//3561 1796//3561 1298//3561
f 1796//3562 1797//3562 1298//3562
f 1798//3563 1797//3563 1796//3563
f 1798//3564 1799//3564 1797//3564
f 1298//3565 1797//3565 1302//3565
f 1797//3566 1793//3566 1302//3566
f 1797//3567 1799//3567 1793//3567
f 1799//3568 1795//3568 1793//3568
f 1707//3569 1704//3569 1800//3569
f 1707//3570 1800//3570 1801//3570
f 1704//3571 1702//3571 1802//3571
f 1704//3572 1802//3572 1800//3572
f 1801//3573 1800//3573 1799//3573
f 1801//3574 1799//3574 1798//3574
f 1800//3575 1802//3575 1795//3575
f 1800//3576 1795//3576 1799//3576
f 1700//3577 1691//3577 1789//3577
f 1700//3578 1789//3578 1803//3578
f 1803//3579 1789//3579 1786//3579
f 1803//3580 1786//3580 1794//3580
f 1702//3581 1700//3581 1803//3581
f 1702//3582 1803//3582 1802//3582
f 1802//3583 1803//3583 1794//3583
f 1802//3584 1794//3584 1795//3584
f 1319//3585 1804//3585 1300//3585
f 1804//3586 1796//3586 1300//3586
f 1318//3587 1805//3587 1319//3587
f 1805//3588 1804//3588 1319//3588
f 1806//3589 1796//3589 1804//3589
f 1806//3590 1798//3590 1796//3590
f 1807//3591 1804//3591 1805//3591
f 1807//3592 1806//3592 1804//3592
f 1315//3593 1314//3593 1808//3593
f 1809//3594 1315//3594 1808//3594
f 1809//3595 1808//3595 1810//3595
f 1809//3596 1810//3596 1811//3596
f 1318//3597 1315//3597 1809//3597
f 1805//3598 1318//3598 1809//3598
f 1805//3599 1809//3599 1811//3599
f 1805//3600 1811//3600 1807//3600
f 1812//3601 1721//3601 1720//3601
f 1812//3602 1813//3602 1721//3602
f 1814//3603 1720//3603 1718//3603
f 1814//3604 1812//3604 1720//3604
f 1811//3605 1813//3605 1812//3605
f 1811//3606 1810//3606 1813//3606
f 1807//3607 1812//3607 1814//3607
f 1807//3608 1811//3608 1812//3608
f 1716//3609 1707//3609 1801//3609
f 1716//3610 1801//3610 1815//3610
f 1815//3611 1801//3611 1798//3611
f 1815//3612 1798//3612 1806//3612
f 1718//3613 1716//3613 1815//3613
f 1718//3614 1815//3614 1814//3614
f 1814//3615 1815//3615 1806//3615
f 1814//3616 1806//3616 1807//3616
f 1314//3617 1331//3617 1816//3617
f 1808//3618 1314//3618 1816//3618
f 1331//3619 1330//3619 1817//3619
f 1816//3620 1331//3620 1817//3620
f 1808//3621 1816//3621 1818//3621
f 1808//3622 1818//3622 1810//3622
f 1816//3623 1817//3623 1819//3623
f 1818//3624 1816//3624 1819//3624
f 1328//3625 1223//3625 1521//3625
f 1820//3626 1328//3626 1521//3626
f 1820//3627 1521//3627 1524//3627
f 1820//3628 1524//3628 1821//3628
f 1330//3629 1328//3629 1820//3629
f 1817//3630 1330//3630 1820//3630
f 1817//3631 1820//3631 1821//3631
f 1819//3632 1817//3632 1821//3632
f 1822//3633 1619//3633 1737//3633
f 1822//3634 1742//3634 1619//3634
f 1823//3635 1737//3635 1734//3635
f 1823//3636 1822//3636 1737//3636
f 1821//3637 1742//3637 1822//3637
f 1821//3638 1524//3638 1742//3638
f 1819//3639 1822//3639 1823//3639
f 1819//3640 1821//3640 1822//3640
f 1813//3641 1732//3641 1721//3641
f 1813//3642 1824//3642 1732//3642
f 1810//3643 1824//3643 1813//3643
f 1810//3644 1818//3644 1824//3644
f 1824//3645 1734//3645 1732//3645
f 1824//3646 1823//3646 1734//3646
f 1818//3647 1823//3647 1824//3647
f 1818//3648 1819//3648 1823//3648
